cluster_num,count,top_title,top_noun
0,2,'과학방역' 내세운 중대본…전문가위원회·빅데이터 플랫폼 구성,과학방역 중대본 전문가위원회 빅데이터 플랫폼 구성
1,6,"넥슨, 라프텔과 '가명정보 결합'…데이터 사이언스 강화",넥슨 라프텔 가명정보 결합 데이터 사이언스 강화
2,1,"인공위성 '세종 1호' 쏘는 한글과컴퓨터, 이미지 데이터 노린다",인공위성 세종 한글과컴퓨터 이미지 데이터
3,1,"KT SAT ""스페이스데이터 서비스 진출…글로벌 브랜드 키운다""",스페이스데이터 서비스 진출 글로벌 브랜드
4,2,"농협은행, 마이데이터 친구추천 이벤트 진행",농협은행 마이데이터 친구추천 이벤트 진행
5,11,"하동군, 공공데이터 기업매칭 공모 선정",하동군 공공데이터 기업매칭 공모 선정
6,1,"행안부, 공기관 포함 467개 기관 데이터기반행정 점검",행안부 공기관 포함 기관 데이터기반행정 점검
7,2,교통사망사고 빅데이터로 도민생명 살린다,교통사망사고 빅데이터 도민생명
8,3,"“랜섬웨어 피해 기업 3곳 중 1곳, 대가 지불해도 데이터 복구 실패”",랜섬웨 기업 지불 데이터 복구 실패
9,1,"안산시, ‘공공데이터 기업매칭 지원사업’ 추진",안산시 공공데이터 기업매칭 지원사업 추진
10,1,"백경란 질병청장 ""감염병 컨트롤타워 역할 재정립할 것""...전문가위원회·빅데이터 플랫폼 구성",질병청장 감염병 컨트롤타워 재정립 전문가위원회 빅데이터 플랫폼 구성
11,1,"백경란 신임 질병청장 ""데이터 활용..과학 방역할것""",질병청장 데이터 활용 과학 방역할것
12,1,인천관광공사 공공데이터 기업매칭사업 국비 10억,인천관광공사 공공데이터 기업매칭사업 국비
13,5,"보령시, '공공데이터 기업매칭 지원사업' 2년 연속 선정",보령시 공공데이터 기업매칭 지원사업 연속 선정
14,1,"정부, '코로나 빅데이터 플랫폼' 구축…교육·돌봄시설 '공기정화' 지원(종합)",정부 빅데이터 플랫폼 구축 교육 돌봄시설 공기정화 지원 종합
15,1,"한국축산데이터, 축산분야 亞최초 영국 GEP 선정…""유럽 진출 본격화""",한국축산데이터 축산분야 亞최초 영국 선정 유럽 진출 본격화
16,1,"尹 디지털플랫폼정부 '목적' 분명해야…""데이터 '호수→늪' 된다"" [IT돋보기]",디지털플랫폼정부 목적 분명 데이터 호수 돋보기
17,1,백경란 “빅데이터 기반 ‘과학방역’…감염병 컨트롤타워 정립할 것’”,빅데이터 기반 과학방역 감염병 컨트롤타워 정립
18,1,"한컴, 25일 세종1호 발사...위성 기반 데이터 서비스 사업 본격 시동",한컴 세종 발사 위성 기반 데이터 서비스 사업 시동
19,1,[갈길 먼 마이데이터]② 영국에선 플랫폼이 된 마이데이터 사업자,마이데이터 영국에선 플랫폼 마이데이터 사업자
20,3,중대본 “전문가위·빅데이터 플랫폼 구성”…확진자 3만1352명,중대본 전문가위 빅데이터 플랫폼 구성 확진자
21,6,"유성구, '공공데이터 기업매칭 지원 사업' 추진",유성구 공공데이터 기업매칭 지원 사업 추진
22,1,[빅데이터MSI]18일 오전 주식시장 심리 4단계 '보통',빅데이터MSI 오전 주식시장 심리 단계
23,3,"인젠트, 가명/익명처리 서비스 ‘마이데이터 쉴드’ 무료체험",인젠트 가명 익명처리 서비스 마이데이터 쉴드 무료체험
24,2,자율주행 로봇이 거리청소 하는 헬싱키… IoT기반 데이터로 홍수 예측하는 뉴욕,자율주행 로봇 거리청소 헬싱키 기반 데이터 홍수 예측 뉴욕
25,2,"[올댓차이나] 중국, 채권거래 데이터 해외 기관투자가에 공개 중단",올댓차 중국 채권거래 데이터 해외 기관투자가 공개 중단
26,3,샴푸 브랜드평판 2022년 5월 빅데이터 분석결과,샴푸 브랜드평판 빅데이터 분석결과
27,3,"과기원통증연구단-티쓰리큐, AI 빅데이터 이용 난치성 통증 연구 MOU",과기원통증연구단 티쓰리큐 빅데이터 이용 난치성 통증 연구
28,2,2023년 의료 마이데이터…민간 빠진 '반쪽개통' 우려,의료 마이데이터 민간 반쪽개통 우려
29,2,"[갈길 먼 마이데이터] 디지.미 회장 ""개인이 적극 공유하는 정보로 기업과 연결""",마이데이터 회장 개인 적극 공유 정보 기업 연결
30,2,"삼성카드, 마이데이터 공백 채우기 심혈",삼성카드 마이데이터 공백 심혈
31,4,"환경자원 데이터 플랫폼 '빼기', 25억 규모 후속투자 유치 성공",환경자원 데이터 플랫폼 규모 후속투자 유치 성공
32,2,"[속보] ""연말까지 코로나 환자·진료 정보 '빅데이터 플랫폼'으로 통합""",속보 연말 환자 진료 정보 빅데이터 플랫폼 통합
33,1,[데이터뉴스]'벤처펀드 1조' VC 7곳,데이터뉴스 벤처펀드
34,2,"에너지밸런스, '2022 데이터스타즈' 대상기업 선정",에너지밸런스 데이터스타즈 대상기업 선정
35,1,"한국빅데이터학회, '빅데이터AI포럼' 창립",한국빅데이터학회 빅데이터AI포럼 창립
36,2,‘마이데이터’가 재무·소비 분석…나만의 상품 찾아준다,마이데이터 재무 소비 분석 상품
37,4,"호주, 범죄 저지른 10대 청소년들 '데이터+와이파이' 안 되는 시골 오지로 보내버린다",호주 범죄 청소년들 데이터 와이파 시골 오지
38,3,"[속보] ""100일 내로 전문가 중심 독립위 구성, 빅데이터 플랫폼 구축""",속보 전문 중심 독립위 구성 빅데이터 플랫폼 구축
39,3,"[현장] 아시아 최대 KTSAT 금산위성센터, 우주데이터 사업 기지 된다",현장 아시아 최대 금산위성센터 우주데이터 사업
40,2,"빔 소프트웨어, 'VeeamON 2022' 개최... 데이터 보호의 미래 제시",소프트웨어 개최 데이터 보호 미래 제시
41,3,"한세예스24홀딩스, 박현영 데이터분석가 초청해 강연회 열어",한세예스 홀딩스 박현영 데이터분석가 초청해 강연회
42,2,"DB손해보험, AI·빅데이터 전문가로 '디지털 혁신팀' 운영…쌍방향 'TM 상품·청약서비스'로 편의성 높여",손해보험 빅데이터 전문가 디지털 혁신팀 운영 쌍방향 상품 청약서비스 편의성
43,2,"와이더플래닛, 빅데이터 산업 선도…플랫폼 경쟁력 있다-흥국증권",와이더플래닛 빅데이터 산업 플랫폼 경쟁력 흥국증권
44,2,데이터 조작 논란 '시무필람' 국내 임상 3상 승인,데이터 조작 논란 시무필람 국내 임상 승인
45,3,"췌장성 당뇨병, 2형 당뇨병보다 임상경과 더 나빠…한국인 빅데이터 이용",췌장성 당뇨병 당뇨병 임상경 한국인 빅데이터 이용
46,3,"투비디티엑스, ‘2022년 데이터바우처 지원사업’ 선정",투비디티엑스 데이터바우처 지원사업 선정
47,2,"한국데이터산업진흥원, KOTRA와 손잡고 데이터·AI 시장 공략",한국데이터산업진흥원 데이터 시장 공략
48,2,"코트라, 데이터산업진흥원과 '해외 데이터·AI 시장 선점' 맞손",코트 데이터산업진흥원 해외 데이터 시장 선점 맞손
49,2,"[ET시론]제조 경쟁력, 데이터 전략이 '게임 체인저'",시론 제조 경쟁력 데이터 전략 게임 체인저
50,2,"데이터시티위마켓, 메타버스허브 웹3.0 구축",데이터시티위마켓 메타버스허브 구축
51,3,"과기정통부, 데이터사이언스 융합인재양성사업에 고려대·KAIST 선정",과기정통부 데이터사이언스 융합인재양성사업 선정
52,2,"""실시간 데이터, AI 조합으로 활용성 ↑··· 디지털 지도 시장 14.1% 성장 전망""",실시간 데이터 조합 활용성 디지털 시장 성장 전망
53,2,"한국데이터법정책학회, 20일 ""데이터법과 정책의 이슈와 과제"" 정기학술대회",한국데이터법정책학회 데이터법 정책 이슈 과제 정기학술대회
54,2,"[데이터경제] 중국, 어느새 비트코인 채굴 2위로 부상...중국정부, 금지 조치에도 급증",데이터경제 중국 비트코 채굴 부상 중국정부 금지 조치 급증
55,2,선방 능력은 누가 최고? K리그의 흥미로운 GK 데이터,선방 능력 누구 최고 리그 흥미로운 데이터
56,2,"""자렐토, 동반 질환·고령·신기능 저하 NVAF 환자에서 치료 혜택 데이터 확인""",자렐토 동반 질환 고령 신기능 저하 환자 치료 혜택 데이터 확인
57,2,"하나금융 함영주 디지털 리더십, 빅데이터 시대 맞춤 전략 통했다",하나금융 함영주 디지털 리더십 빅데이터 시대 전략
58,2,"태블로, SaaS 분석 플랫폼에 ‘데이터 스토리텔링’ 기능 추가",태블 분석 플랫폼 데이터 스토리텔링 기능 추가
59,2,"강동구-고려대, AI·빅데이터 분야 공동연구 업무협약 체결",강동구 빅데이터 분야 공동연구 업무협약 체결
60,2,"통영시 관광종사자 대상, '빅데이터로 알아본 관광도시 통영' 교육 시행",통영시 관광종사 대상 빅데이터 관광도시 통영 교육 시행
61,2,"[2보] 중대본 ""방역 전문가 독립위원회 구성…코로나 빅데이터 플랫폼 구축""",중대본 방역 전문 독립위원회 구성 빅데이터 플랫폼 구축
62,2,"(친환경이 미래다⑩)'전기 먹는 하마' 데이터센터…""친환경 전력 사용 고려해야""",친환경 미래다⑩ 전기 하마 데이터센터 친환경 전력 사용 고려해
63,2,"정부, 감염병 빅데이터 플랫폼 마련에 열중",정부 감염병 빅데이터 플랫폼 마련 열중
64,2,"매스웍스코리아, 18일 금융 데이터 분석 및 모델링 웨비나 개최",매스웍스코리 금융 데이터 분석 모델링 웨비 개최
65,2,"퓨어스토리지·스노우플레이크, ""오브젝트스토리지-데이터 클라우드 결합"" ",퓨어스토리지 스노우플레이크 오브젝트스토리 데이터 클라우드 결합
66,2,"[기고] 100% 안전한 시스템은 없다, '데이터 복구가 필요한 이유'",안전 시스템 데이터 복구 필요 이유
67,2,"[기고] 아크로니스 코리아 고목동 지사장, '데이터 손실' 신속한 데이터 복구로 비즈니스 연속성 확보",아크로니스 코리아 고목동 지사장 데이터 손실 신속한 데이터 복구 비즈니스 연속성 확보
68,2,[코인 빅데이터] 테라 사태 속 시총 20위권 안착...트론(TRX) VS 라이트코인(LTC) 트렌드,빅데이터 사태 시총 안착 트론 라이트코 트렌드
69,2,"에이모, 대한민국 대표 AI·데이터 기업으로 일본 고객에 독보적인 'AI 데이터 라벨링' 기술 선보여",에이모 대한민국 대표 데이터 기업 일본 고객 독보적 데이터 라벨링 기술
70,2,【코로나19 극복 2022 우수 유망 중소기업을 찾아서⑲-(주)그렉터】 데이터 구축시대에서 활용시대 본격적으로 열어,극복 우수 유망 중소기업 찾아서⑲ 그렉터 데이터 구축시대 활용시대 본격적
71,2,"인천 이젠아카데미컴퓨터학원, IT 취업 도움되는 '빅데이터 분석 머신러닝 개발(파이썬, 캐글, 클로바)' 국비지원 개강",인천 이젠아카데미컴퓨터학원 취업 도움 빅데이터 분석 머신러닝 개발 파이썬 캐글 클로바 국비지원 개강
72,2,[시론] 스마트팜은 데이터농업이다,시론 스마트팜 데이터농업
73,2,"서울시의회, 지방분권 활동 강화·빅데이터 활용 의정활동 지원··· 풀뿌리 주민자치 확립",서울시의회 지방분권 활동 강화 빅데이터 활용 의정활동 지원 풀뿌리 주민자치 확립
74,3,"청담글로벌, 빅데이터 통한 이커머스 플랫폼 기반 유통업체-유진투자증권",청담글로벌 빅데이터 이커머스 플랫폼 기반 유통업체 유진투자증권
75,2,“인천경제자유구역 블록체인 특구화하겠다” 유정복,인천경제자유구역 블록체 특구 유정복
76,2,AI는 미래 경찰관! '대한민국 바꿀 10가지 기술'은 어떤 것?,미래 경찰관 대한민국 가지 기술
77,3,"[전문] 중대본 ""보다 안전한 일상으로 나아가는중..코로나 빅데이터 플랫폼 구축할 것""",전문 중대본 안전한 일상 빅데이터 플랫폼 구축
78,4,"HDC현대산업개발, '스마트 주차장 솔루션' 개발",현대산업개발 스마트 주차장 솔루션 개발
79,2,"LG CNS 컨소시엄, 5.4조원 규모 부산 스마트시티 시범사업 수주",컨소시엄 조원 규모 부산 스마트시티 시범사업 수주
80,2,"LG CNS, 5조4천억 부산스마트시티 따냈다",천억 부산스마트시티
81,1,"충남 보령시, 행안부 주관 공공데이터 기업매칭 선정…2년 연속",충남 보령시 행안부 주관 공공데이터 기업매칭 선정 연속
82,2,"랜섬웨어, 76%가 대가 지불…3분의 1은 데이터마저 분실",랜섬웨어 지불 데이터 분실
83,2,넥슨-라프텔 데이터 결합··· “문화 콘텐츠 분야 국내 최초 사례”,넥슨 라프텔 데이터 결합 문화 콘텐츠 분야 국내 최초 사례
84,2,"제주, 해양생태계 변화 예측 통합관리 데이터 구축한다",제주 해양생태계 변화 예측 통합관리 데이터 구축
85,2,"NH농협은행, NH마이데이터 친구추천 이벤트 '사회적 커피두기' 실시",농협은행 마이데이터 친구추천 이벤트 사회적 커피두 실시
86,2,"""코로나 빅데이터 구축·전문가위원회 구성""...신규 환자 이틀째 3만 명대",빅데이터 구축 전문가위원회 구성 신규 환자 이틀째 명대
87,5,"인천관광공사, 인천 최초'관광지 데이터 구축 공공데이터' 공모 선정",인천관광공사 인천 최초 관광지 데이터 구축 공공데이터 공모 선정
88,1,"과학적 국정운영 토대 마련, 데이터기반행정 실태 점검한다",과학적 국정운영 토대 마련 데이터기반행정 실태 점검
89,1,"""랜섬웨어 피해기업 76%가 대가 지불…1/3은 아직도 데이터 복구 못해""",랜섬웨 피해기업 지불 데이터 복구
90,1,"한국데이터산업진흥원, 넥슨·라프텔 가명정보 결합 지원...국내 첫 사례",한국데이터산업진흥원 넥슨 라프텔 가명정보 결합 지원 국내 사례
91,1,"안산시, 행안부 주관 '공공데이터 기업 매칭 지원사업' 선정",안산시 행안부 주관 공공데이터 기업 매칭 지원사업 선정
92,1,공공데이터 전면 개방 `가속도',공공데이터 전면 개방 가속도
93,2,"NH농협은행, 마이데이터 친구추천 이벤트...""선착순 커피 쿠폰 제공""",농협은행 마이데이터 친구추천 이벤트 선착순 커피 쿠폰 제공
94,2,"'공공데이터 기업매칭 지원사업' 나선 안산시, 다문화마을특구 상권DB 구축",공공데이터 기업매칭 지원사업 안산시 다문화마을특구 상권DB 구축
95,3,"한국축산데이터, 축산 분야 아시아 최초 영국 GEP 선정",한국축산데이터 축산 분야 아시아 최초 영국 선정
96,2,"제주, 해양생태계 빅데이터 구축 3억3700만원 투입",제주 해양생태계 빅데이터 구축 만원 투입
97,3,"넥슨-라프텔과 가명정보 결합, 데이터 사이언스 기반 서비스 제공",넥슨 라프텔 가명정보 결합 데이터 사이언스 기반 서비스 제공
98,2,충남 교통사망사고 '빅데이터'로 낮춘다,충남 교통사망사고 빅데이터
99,2,"하동군, 행안부 공공데이터 공모사업 선정",하동군 행안부 공공데이터 공모사업 선정
100,1,"NH농협은행, NH마이데이터 친구추천 '사회적 커피두기' 이벤트",농협은행 마이데이터 친구추천 사회적 커피두 이벤트
101,1,"""데이터 사이언스 강화""… 넥슨-라프텔, 국내 최초 가명정보 결합",데이터 사이언스 강화 넥슨 라프텔 국내 최초 가명정보 결합
102,1,"행안부, 467개 기관 대상 데이터 기반 행정 실태점검 실시",행안부 기관 대상 데이터 기반 행정 실태점검 실시
103,1,[데이터뉴스]'벤처펀드 1조' VC 7곳,데이터뉴스 벤처펀드
104,2,"넥슨-라프텔, 국내 첫 가명정보 결합 데이터 사이언스 서비스",넥슨 라프텔 국내 가명정보 결합 데이터 사이언스 서비스
105,1,"인젠트, 신규 고객 대상 '마이데이터 실드' 무료 체험 이벤트",인젠트 신규 고객 대상 마이데이터 실드 무료 체험 이벤트
106,1,"NH농협은행, 코로나19 일상회복 응원..NH마이데이터 친구추천 이벤트 펼쳐",농협은행 일상회복 응원 마이데이터 친구추천 이벤트
107,1,"인천관광공사, 공공데이터 기업매칭 지원사업… 최대10억 확보",인천관광공사 공공데이터 기업매칭 지원사업 최대 확보
108,1,"한국빅데이터학회, '빅데이터AI포럼' 창립",한국빅데이터학회 빅데이터AI포럼 창립
109,1,"인젠트, 가명-익명처리 서비스 '마이데이터 Shield' 무료체험 제공",인젠트 가명 익명처리 서비스 마이데이터 무료체험 제공
110,1,"인천관광공사,행안부 '관광지 데이터 구축 공공데이터'공모 선정",인천관광공사 행안부 관광지 데이터 구축 공공데이터 공모 선정
111,1,"보령시, 공공데이터 전면 개방 가속도",보령시 공공데이터 전면 개방 가속도
112,1,"넥슨, 라프텔과 가명정보 결합… ""데이터 시너지 창출""",넥슨 라프텔 가명정보 결합 데이터 시너지 창출
113,1,"한국축산데이터, 유럽 진출 속도낸다",한국축산데이터 유럽 진출 속도낸다
114,3,"정부, 코로나 빅데이터 플랫폼 구축...전문가위원회도 구성",정부 빅데이터 플랫폼 구축 전문가위원회 구성
115,1,"[사설]의료 마이데이터, 이제 빗장 풀 때",사설 의료 마이데이터 빗장
116,1,"인천관광공사, '공공데이터 기업 매칭' 최초 선정",인천관광공사 공공데이터 기업 매칭 최초 선정
117,1,"카드사, 빅데이터 분석 쏟아낸다…삼성카드 최다",카드사 빅데이터 분석 삼성카드 최다
118,1,"[fn마켓워치]하나금투·이지스·퀀텀, 환경자원 데이터 플랫폼 '빼기'에 투자",fn마켓워치 하나금투 이지스 퀀텀 환경자원 데이터 플랫폼 투자
119,1,"KTSAT 우주데이터 추진, CTO 최경일 ""다양한 위성서비스시장 공략""",우주데이터 추진 최경 다양한 위성서비스시장 공략
120,2,"안산시, 다문화마을특구에 상가 데이터뱅크 구축... 공공데이터 개방",안산시 다문화마을특구 상가 데이터뱅크 구축 공공데이터 개방
121,1,기후변화 대응 제주 해양환경 통합 데이터 구축,기후변화 대응 제주 해양환경 통합 데이터 구축
122,1,"미래에셋증권, 증권사 브랜드평판 5월 빅데이터 분석 톱…삼성·키움·한투·NH 순",미래에셋증권 증권사 브랜드평판 빅데이터 분석 삼성
123,2,"""AI 빅데이터 이용해 난치성 통증 연구"" 과학기술원 공동 연구단, T3Q와 업무협약",빅데이터 이용해 난치성 통증 연구 과학기술원 공동 연구단 업무협약
124,2,"백경란 ""빅데이터 활용 과학적 근거 기반 방역 정책 마련""",빅데이터 활용 과학적 근거 기반 방역 정책 마련
125,2,"한국축산데이터, 축산 분야 아시아 최초 영국 GEP 선정...유럽 진출 초석 마련",한국축산데이터 축산 분야 아시아 최초 영국 선정 유럽 진출 초석 마련
126,1,"지스트 과학기술원, T3Q와 인공지능·빅데이터 기반 난치성 통증 연구나섰다!",지스트 과학기술원 인공지능 빅데이터 기반 난치성 통증 연구나섰다
127,1,"한국축산데이터, 아시아 최초 축산 분야 GEP 선정···유럽 진출 초석 마련",한국축산데이터 아시아 최초 축산 분야 선정 유럽 진출 초석 마련
128,1,"빔 소프트웨어, 데이터 보호 컨퍼런스 'VeeamON 2022' 개최",소프트웨어 데이터 보호 컨퍼런스 개최
129,1,"환경자원 데이터 플랫폼 '빼기', 25억 규모 후속 투자유치",환경자원 데이터 플랫폼 규모 후속 투자유치
130,1,"NH농협은행, NH마이데이터 사회적 커피 두기 이벤트",농협은행 마이데이터 사회적 커피 이벤트
131,2,"보령시, 2년 연속 공공데이터 기업매칭 지원사업 선정",보령시 연속 공공데이터 기업매칭 지원사업 선정
132,1,"NH농협은행, NH마이데이터 친구추천 이벤트 실시",농협은행 마이데이터 친구추천 이벤트 실시
133,1,"유성구,구민생활 밀접 공공데이터 개방 추진",유성구 구민생활 밀접 공공데이터 개방 추진
134,1,"대한민국 도시 브랜드평판 5월 빅데이터 분석결과...1위 서울시, 2위 제주시, 3위 고양시",대한민국 도시 브랜드평판 빅데이터 분석결과 서울시 제주시 고양시
135,17,"현대건설, 부산 에코델타 스마트시티 우선협상대상자 선정",현대건설 부산 에코델타 스마트시티 우선협상대상자 선정
136,1,"LG CNS, 국내최대 스마트시티사업 '부산 에코델타' 우선협상대상",국내최대 스마트시티사업 부산 에코델타 우선협상대상
137,1,"LG CNS, 부산에 국내 최대 규모 스마트시티 만든다",부산 국내 최대 규모 스마트시티
138,2,"5.4조 부산 스마트시티 사업, LG CNS가 따냈다",부산 스마트시티 사업
139,16,"LG CNS, '부산 스마트시티 국가시범도시' 우선협상대상자 선정",부산 스마트시티 국가시범도시 우선협상대상자 선정
140,1,"셀바스AI, '셀비 노트 2.0' GS인증 1등급…공공 확대",셀바스AI 셀비 노트 GS인증 등급 공공 확대
141,1,"""스마트폰 글자 이렇게 키워요""…SKB, 시니어 디지털 교육 돕는다",스마트폰 글자 시니어 디지털 교육
142,1,"효성 조현준 회장, 빅데이터 활용해 스마트팩토리 구축한다",효성 조현준 회장 빅데이터 활용해 스마트팩토리 구축
143,1,"태블로, ‘태블로 클라우드’ AI로 고객 생산성 향상",태블로 태블 클라우드 고객 생산성 향상
144,1,"어르신 스마트폰 사용법, 집에서 TV로 무료교육 받는다",스마트폰 사용법 무료교육
145,2,"뷰노 ""심정지 예측 의료AI, 비급여 사용 가능해져""",뷰노 심정지 예측 의료AI 비급여 사용 가능
146,1,"LG CNS, '부산스마트시티사업' 우선협상대상자 선정",부산스마트시티사업 우선협상대상자 선정
147,2,"국토부, 전국민 참여 '스마트건설 챌린지' 개최…총 상금 4억",국토부 전국민 참여 스마트건설 챌린지 개최 상금
148,1,5.4조 `부산 스마트시티` LG CNS가 만든다,부산 스마트시티
149,1,"구글클라우드, 포스트그레SQL 서비스 ‘앨로이DB’ 공개",구글클라우드 포스트그레SQL 서비스 앨로이DB 공개
150,1,"신한베트남은행, 디지털 사업 전담 추진 조직",신한베트남은행 디지털 사업 전담 추진 조직
151,3,"HDC현산, HDC랩스와 공동으로 스마트 기술 선봬",HDC현산 HDC랩스 공동 스마트 기술 선봬
152,3,"현대건설, 부산 에코델타 스마트시티 우협대상자 선정",현대건설 부산 에코델타 스마트시티 우협대상자 선정
153,2,"'3.2조 세종' 이어… LG CNS, 부산에 5.4조 스마트시티 짓는다",세종 부산 스마트시티
154,8,"부경대, IITP 글로벌 핵심인재 양성지원사업 선정",글로벌 핵심인재 양성지원사업 선정
155,3,"신한베트남은행, 디지털 사업 전담 '퓨처 뱅크 그룹' 출범",신한베트남은행 디지털 사업 전담 퓨처 뱅크 그룹 출범
156,6,SK브로드밴드 시니어 디지털 격차 해소 나선다,SK브로드밴드 시니어 디지털 격차 해소
157,1,"솔트룩스이노베이션, 제조업 연계 AI 사례 제시",솔트룩스이노베이션 제조업 연계 사례 제시
158,4,"아시아나IDT, AI 모델 성능 관리 솔루션 사업 본격화",아시아나IDT 모델 성능 관리 솔루션 사업 본격화
159,1,"신한, 베트남에 디지털 사업 조직 출범… 현지 IT기업 지분 인수",베트남 디지털 사업 조직 출범 현지 기업 지분 인수
160,1,"LG CNS, 5.4조 부산 스마트시티 사업 땄다…""84만평, 여의도 면적""",부산 스마트시티 사업 만평 여의 면적
161,1,"신한은행, 베트남에도 ‘디지털’ 입힌다…전담 조직 꾸려",신한은행 베트남 디지털 전담 조직
162,3,"현대건설, 에코델타 스마트시티 우선협상대상자로 선정",현대건설 에코델타 스마트시티 우선협상대상자 선정
163,1,"'ESG 열등생'이던 IT업계... 올해는 더 많이, 더 깊게",열등생 업계 올해
164,2,"셀바스AI, '셀비 노트' GS인증 1등급 획득",셀바스AI 셀비 노트 GS인증 등급 획득
165,3,"LG CNS, 부산 스마트시티 우선협상대상자 선정",부산 스마트시티 우선협상대상자 선정
166,1,"LG CNS, 5.4조원 '부산 스마트시티' 따내",조원 부산 스마트시티
167,1,"LG CNS, 부산 스마트시티 사업 수주…5.4조 규모",부산 스마트시티 사업 수주 규모
168,2,"주요 대학, 구글 저장 용량 400MB~30GB 제한",주요 대학 구글 저장 용량 제한
169,4,"SK브로드밴드, 민관 합동으로 시니어 디지털 격차 해소 나서",SK브로드밴드 민관 합동 시니어 디지털 격차 해소
170,1,"현대산업개발, 아파트 주차장에 스마트 신기술 선보여",현대산업개발 아파트 주차장 스마트 신기술
171,1,"신한베트남銀, 디지털 성장 추진 '퓨처뱅크그룹' 출범 선포식",신한베트남銀 디지털 성장 추진 퓨처뱅크그룹 출범 선포식
172,1,"사업규모 5.4조…LG CNS, 진통 끝에 ‘부산 스마트시티’ 우선협상자",사업규모 부산 스마트시티 우선협상자
173,1,"""어르신, TV로 스마트폰 사용법 배우세요""…내달부터 Btv서 제공",스마트폰 사용법 배우 내달 제공
174,1,"한국수자원공사, 부산 에코델타 스마트시티 우선협상대상자에 'The 인 컨소시엄' 선정",한국수자원공사 부산 에코델타 스마트시티 우선협상대상자 컨소시엄 선정
175,1,"신한베트남은행, 디지털사업 전담조직 신설…해외도 디지털 전환",신한베트남은행 디지털사업 전담조직 신설 해외 디지털 전환
176,2,"뷰노, 국내 의료 AI 최초 선진입 의료기술 확정",뷰노 국내 의료 최초 선진입 의료기술 확정
177,1,"신한베트남은행, 디지털 사업 전담 조직 '퓨처뱅크그룹' 출범",신한베트남은행 디지털 사업 전담 조직 퓨처뱅크그룹 출범
178,1,에코델타 스마트시티 구축 LG CNS ‘우선협상자’ 선정,에코델타 스마트시티 구축 우선협상자 선정
179,2,"HDC현대산업개발, HDC랩스와 공동으로 스마트 기술 선보여",현대산업개발 HDC랩스 공동 스마트 기술
180,1,"신한베트남은행, 디지털사업 전담 조직 'Future Bank Group' 출범",신한베트남은행 디지털사업 전담 조직 출범
181,1,"LG CNS, 5.4조 규모 '부산스마트시티' 우선협상대상자 선정",규모 부산스마트시티 우선협상대상자 선정
182,1,"신한베트남은행, 디지털 사업 전담 ‘Future Bank Group’ 출범 선포식",신한베트남은행 디지털 사업 전담 출범 선포식
183,1,"11조원대 AICC 시장, KT가 사업 성공 자신하는 이유",조원대 시장 사업 성공 자신 이유
184,3,"휴레이포지티브, 모놀리와 블록체인 헬스케어 플랫폼 개발",휴레이포지티브 모놀리 블록체 헬스케어 플랫폼 개발
185,2,"HDC현대산업개발, HDC랩스와 ‘스마트 주차장 솔루션’ 선보여",현대산업개발 HDC랩스 스마트 주차장 솔루션
186,1,"이에이트, '부산에코델타 스마트시티' 디지털 트윈 플랫폼 구축사 선정",이에이트 부산에코델타 스마트시티 디지털 트윈 플랫폼 구축사 선정
187,1,"SK브로드밴드·서울디지털재단, 어르신 교육 콘텐츠 제공위해 맞손",SK브로드밴드 서울디지털재단 교육 콘텐츠 제공위해 맞손
188,4,"LG CNS, 5.4조원 규모 부산 스마트시티 국가시범도시 우선협상대상자 선정",조원 규모 부산 스마트시티 국가시범도시 우선협상대상자 선정
189,2,현산 HDC랩스와 스마트 주차장 솔루션 개발,현산 HDC랩스 스마트 주차장 솔루션 개발
190,1,"고부기엔터, 자체 개발 블록체인 기술 특허 출원",고부기엔터 자체 개발 블록체 기술 특허 출원
191,3,"현대건설, 부산 에코델타 스마트시티 우선협상자 선정",현대건설 부산 에코델타 스마트시티 우선협상자 선정
192,1,"KMH, '메타버스 음원시장' 진출…AIM뮤직과 업무협약",메타버스 음원시장 진출 뮤직 업무협약
193,1,"서울대병원, AI임상시험센터 연다…20일 개소식",서울대병원 AI임상시험센터 개소식
194,1,"LG CNS, 부산 스마트시티 국가시범도시 우선협 선정",부산 스마트시티 국가시범도시 우선협 선정
195,1,"'TV로도 스마트폰 교육' 서울디지털재단, SK브로드밴드와 콘텐츠 협약",스마트폰 교육 서울디지털재단 SK브로드밴드 콘텐츠 협약
196,6,"이에이트, '부산에코델타 스마트시티'에 디지털 트윈 플랫폼 구현",이에이트 부산에코델타 스마트시티 디지털 트윈 플랫폼 구현
197,1,NH농협생명 '보험사기 분석시스템' 오픈… AI 활용,농협생명 보험사 분석시스템 오픈 활용
198,1,"폐기물 수거·관리 플랫폼 '빼기', 25억원 투자유치",폐기물 수거 관리 플랫폼 억원 투자유치
199,2,"신한베트남은행, 디지털사업 전담 조직 '퓨처뱅크 그룹' 출범",신한베트남은행 디지털사업 전담 조직 퓨처뱅크 그룹 출범
200,1,"LG CNS, 5.4조 규모 '부산스마트시티사업' 우선협상대상자 선정",규모 부산스마트시티사업 우선협상대상자 선정
201,1,한국IT서비스학회 춘계학술대회 열려···허원석 SW정책관 등 시상,한국IT서비스학회 춘계학술대회 허원석 정책관 시상
202,1,"신한베트남은행, 디지털 사업 강화",신한베트남은행 디지털 사업 강화
203,1,베일 벗은 디지털플랫폼정부···특별법도 2년내 마련,디지털플랫폼정부 특별법 마련
204,1,국내 최대규모 5.4조 부산 스마트시티 구축 사업자에…LG CNS '낙점',국내 최대규모 부산 스마트시티 구축 사업자 낙점
205,2,"안산시, 다문화마을특구 상권DB 구축한다",안산시 다문화마을특구 상권DB 구축
206,5,"신한베트남은행, 디지털 사업 전담 추진 조직 출범…""변화와 혁신 불가피""",신한베트남은행 디지털 사업 전담 추진 조직 출범 변화 혁신 불가피
207,1,"뷰노, 국내 의료AI 최초 선진입 의료기술 결정",뷰노 국내 의료AI 최초 선진입 의료기술 결정
208,1,"유정복 ""인천경제자유구역, 블록체인 특구 이루겠다""",유정복 인천경제자유구역 블록체 특구
209,1,"안산시, 다문화마을특구 상권DB 구축…행안부 공모 선정",안산시 다문화마을특구 상권DB 구축 행안부 공모 선정
210,1,"SKB, 서울디지털재단 어르신 교육콘텐츠 Btv서 제공",서울디지털재단 교육콘텐츠 제공
211,2,"신한베트남은행, 디지털 사업 전담조직 신설",신한베트남은행 디지털 사업 전담조직 신설
212,4,"뷰노, 국내 의료AI 최초 선진입 의료기술 확정",뷰노 국내 의료AI 최초 선진입 의료기술 확정
213,1,"SKB, “어르신 디지털 교육 시켜드려요”",디지털 교육
214,1,"신한베트남은행, 디지털사업 전담조직 출범",신한베트남은행 디지털사업 전담조직 출범
215,2,"NH농협생명, AI 활용한 머신러닝으로 보험사기분석시스템 고도화",농협생명 활용 머신러닝 보험사기분석시스템 고도화
216,3,"SK브로드밴드, 서울디지털재단과 시니어 디지털 격차 해소 협력",SK브로드밴드 서울디지털재단 시니어 디지털 격차 해소 협력
217,1,"LG CNS, 5.4조 규모 '부산스마트시티 사업' 우선협상대상자 선정",규모 부산스마트시티 사업 우선협상대상자 선정
218,1,"SK브로드밴드, 서울디지털재단과 업무협약…시니어 디지털 격차 해소 지원",SK브로드밴드 서울디지털재단 업무협약 시니어 디지털 격차 해소 지원
219,6,금산군. 인삼 해외 판로 확대 마케팅 자료 다국어 DB 구축,금산군 인삼 해외 확대 마케팅 자료 다국어 구축
220,1,"뷰노, '심정지 예측 의료 AI' 선진입 의료기술 확정",뷰노 심정지 예측 의료 선진입 의료기술 확정
221,1,"""주차장 빈 자리·주차위치 자동 탐색""… HDC현산, 아이파크에 '스마트 주차장 솔루션' 적용",주차장 자리 주차위치 자동 탐색 HDC현산 아이파크 스마트 주차장 솔루션 적용
222,1,"[ET라씨로] 마이더스AI, 스테인레스강 업체 제이슨앤컴퍼니 인수에 '상한가'",ET라씨 마이더스AI 스테인레스강 업체 제이슨앤컴퍼니 상한가
223,1,"금산군, 인삼 해외판로 확대 마케팅 자료 다국어DB 구축",금산군 인삼 해외판 확대 마케팅 자료 다국어DB 구축
224,1,"LG CNS, 국내 최대 규모의 '부산 스마트시티' 구축 이끈다",국내 최대 규모 부산 스마트시티 구축
225,1,"신한은행, 베트남 디지털 금융 생태계 조성 '박차'",신한은행 베트남 디지털 금융 생태계 조성 박차
226,1,보험사의 변신…디지털 플랫폼으로 고객 건강까지 챙긴다,보험사 변신 디지털 플랫폼 고객 건강
227,1,안산시 다문화마을특구 상권DB 구축...국비 2억5000만원 투입,안산시 다문화마을특구 상권DB 구축 국비 만원 투입
228,1,서울대병원 20일 'AI 임상시험센터 개소식' 온·오프라인 개최,서울대병원 임상시험센터 개소식 오프라 개최
229,1,"신한베트남銀, 디지털 전담 '퓨처 뱅크 그룹' 출범…""디지털 역량 강화""",신한베트남銀 디지털 전담 퓨처 뱅크 그룹 출범 디지털 역량 강화
230,2,"카카오벤처스, 캠핑카 플랫폼社 '룬샷컴퍼니'에 시드 투자",카카오벤처스 캠핑카 플랫폼社 룬샷컴퍼 시드 투자
231,1,"LG CNS, '5.4조 규모' 부산 스마트시티 사업 우선협상대상자 선정",규모 부산 스마트시티 사업 우선협상대상자 선정
232,5,"셀바스 AI, '셀비 노트 2.0' GS 인증 1등급 획득",셀바스 셀비 노트 인증 등급 획득
233,1,"오드컨셉, AI 이커머스 서비스 '픽셀' 고도화",오드컨셉 이커머스 서비스 픽셀 고도화
234,6,"농어촌공사, 수질관리 디지털 전환 속도 낸다",농어촌공사 수질관리 디지털 전환
235,1,"""어르신, Btv가 알려드려요""…SKB, 시니어 디지털격차 해소 나선다",시니어 디지털격차 해소
236,1,"LG CNS, 국내 최대 5.4조 부산 스마트시티 구축·운영사업 수주",국내 최대 부산 스마트시티 구축 운영사업 수주
237,1,"현대건설, 부산 에코델타 스마트 시티 우선 협상 대상자 선정",현대건설 부산 에코델타 스마트 시티 협상 대상자 선정
238,1,"SKB, 서울디지털재단과 시니어 디지털 콘텐츠 제공 협약",서울디지털재단 시니어 디지털 콘텐츠 제공 협약
239,1,"신한베트남은행, 디지털 전담조직 출범 선포",신한베트남은행 디지털 전담조직 출범 선포
240,2,"LG CNS, 5.4조 규모 부산 스마트시티 우선협상대상자 선정",규모 부산 스마트시티 우선협상대상자 선정
241,1,"프로토콘, 이기종 블록체인 브릿지 보안 및 성능 향상 기술 공개",프로토콘 이기종 블록체 브릿지 보안 성능 향상 기술 공개
242,1,"휴레이포지티브, 블록체인 SaaS 기업 ‘모놀리’와 MOU 체결",휴레이포지티브 블록체 기업 모놀리 체결
243,1,"원프레딕트, AI기반 '가디원 서브스테이션' GS인증 1등급 획득",원프레딕트 기반 가디원 서브스테이션 GS인증 등급 획득
244,1,"“캐롯, 전 국민 안전운전 플랫폼으로 BBI보험 선도”",캐롯 국민 안전운전 플랫폼 보험 선도
245,3,"서울대병원, AI 임상시험센터 개소식 개최",서울대병원 임상시험센터 개소식 개최
246,1,"디지털 트윈 플랫폼 기업 이에이트, 부산 스마트시티 구축 참여",디지털 트윈 플랫폼 기업 이에이트 부산 스마트시티 구축 참여
247,4,"KT스카이라이프, ‘로튼 토마토’와 제휴…국내 미디어 플랫폼 최초",스카이라이프 로튼 토마토 제휴 국내 미디어 플랫폼 최초
248,1,"신한베트남은행 디지털 전담조직 꾸려, 진옥동 ""사업추진 동력""",신한베트남은행 디지털 전담조직 진옥동 사업추진 동력
249,1,"SK브로드밴드, 시니어 스마트폰 교육 콘텐츠 32편 제공",SK브로드밴드 시니어 스마트폰 교육 콘텐츠 제공
250,3,KMH-AIM뮤직 업무협약 체결…메타버스 음원시장 진출,뮤직 업무협약 체결 메타버스 음원시장 진출
251,1,"신한베트남은행, 디지털 사업 추진 조직 출범",신한베트남은행 디지털 사업 추진 조직 출범
252,3,"뷰노 AI 기반 심정지 예측 의료기기, NECA 선진입 의료기술 확정",뷰노 기반 심정지 예측 의료기 선진입 의료기술 확정
253,1,"NH농협생명, AI 기반 보험사기분석시스템 고도화",농협생명 기반 보험사기분석시스템 고도화
254,1,"구글 I/O, '구글클라우드' 혁신…아마존보다 2배 빠르다",구글 구글클라우드 혁신 아마존
255,1,"한국농어촌공사, 디지털 기반 농업용수 수질관리 가속화",한국농어촌공사 디지털 기반 농업용수 수질관리 가속화
256,1,"서울대병원, AI 임상시험센터 개소… ""특성화 관리 체계 마련""",서울대병원 임상시험센터 개소 특성화 관리 체계 마련
257,1,"아시아나IDT, AI 모델 성능관리 솔루션 개발",아시아나IDT 모델 성능관리 솔루션 개발
258,2,"물리식 접한 AI, 배터리 용량 예측 향상시킨다",물리식 배터리 용량 예측 향상
259,1,"LGCNS 참여 컨소시엄, 5조4천억 규모 부산 스마트시티 사업 수주",참여 컨소시엄 천억 규모 부산 스마트시티 사업 수주
260,6,"HDC현대산업개발·HDC랩스, ‘스마트 주차장 솔루션’ 개발",현대산업개발 HDC랩스 스마트 주차장 솔루션 개발
261,1,"LG CNS, 사업비 5.4조 '부산 스마트시티 구축 사업' 우협 대상자 선정",사업비 부산 스마트시티 구축 사업 우협 대상자 선정
262,2,"뷰노, 국내 의료AI '업계 최초' 선진입 의료기술 확정",뷰노 국내 의료AI 업계 최초 선진입 의료기술 확정
263,2,"윤종인 개인정보위원장 ""개인정보 패러다임, 아날로그→디지털 대전환""",윤종 개인정보위원장 개인정보 패러다임 아날로그 디지털 대전환
264,1,"캠핑카 공유 플랫폼 룬샷컴퍼니, 카카오벤처스에서 시드투자 유치",캠핑카 공유 플랫폼 룬샷컴퍼니 카카오벤처스 시드투자 유치
265,1,"尹 대통령, 5·18 기념사서 광주 AI 도시 도약 지원 거듭 밝혀",대통령 기념사 광주 도시 도약 지원
266,5,"신한베트남은행, 디지털 사업 전담 조직 'Future Bank Group' 출범",신한베트남은행 디지털 사업 전담 조직 출범
267,1,구글이 웹3.0 조직 신설한 이유 [아이티라떼],구글 조직 신설 이유 아이티라떼
268,2,"KMH, AIM뮤직과 메타버스 콘텐츠·플랫폼 개발 협력",뮤직 메타버스 콘텐츠 플랫폼 개발 협력
269,1,"HDC현대산업개발, HDC랩스와 개발한 ‘스마트 주차장 솔루션’ 공개",현대산업개발 HDC랩스 개발한 스마트 주차장 솔루션 공개
270,2,"한국IT직업전문학교 메타버스학과 2023학년도 신입생 모집, 메타버스 인재 육성",한국IT직업전문학교 메타버스학 학년 신입생 모집 메타버스 인재 육성
271,1,"HDC현대산업개발, 지능형 CCTV '스마트 주차장 솔루션' 개발",현대산업개발 지능형 스마트 주차장 솔루션 개발
272,1,"신한베트남은행, 디지털사업 전담조직 'Future Bank Group' 출범 선포",신한베트남은행 디지털사업 전담조직 출범 선포
273,1,"윤영석 의원 ""양산을 최첨단 일류 스마트시티로"" 구축",윤영석 의원 양산 최첨단 일류 스마트시티 구축
274,1,"보령시, '한방에 몰아보는 스마트한 전통시장 DB 구축·개방' 사업 선정",보령시 한방 스마트 전통시장 구축 개방 사업 선정
275,1,"급여권 들어선 의료 AI…뷰노, 국내 첫 비급여 시장 진입",의료 뷰노 국내 비급여 시장 진입
276,1,"SK브로드밴드-서울디지털재단, 시니어 디지털 교육 맞손",SK브로드밴드 서울디지털재단 시니어 디지털 교육 맞손
277,1,"안산시, '다문화 마을특구' 상권 DB 구축…""다시 오고픈 거리로""",안산시 다문화 마을특구 상권 구축 오고픈 거리
278,1,"HDC현대산업개발, HDC랩스와 공동으로 ‘스마트 주차장 솔루션’ 개발",현대산업개발 HDC랩스 공동 스마트 주차장 솔루션 개발
279,1,"신한베트남은행 'Future Bank Group' 출범, 디지털 가속화 나선다",신한베트남은행 출범 디지털 가속화
280,1,"NH농협생명, AI 기반 보험사기분석시스템 고도화 완료",농협생명 기반 보험사기분석시스템 고도화 완료
281,1,"SK브로드밴드, 시니어 맞춤 스마트폰 이용 꿀팁 제공",SK브로드밴드 시니어 스마트폰 이용 꿀팁 제공
282,2,"디지털헬스케어 시대, 피부까지 AI로 진단",디지털헬스케어 시대 피부 진단
283,2,"유정복, ""인천경제자유구역 블록체인 특구화""...정책공약 발표",유정복 인천경제자유구역 블록체 특구화 정책공약 발표
284,1,병원 갈 땐 모바일로… 의료 디지털 전환 나선 통신사,병원 모바일 의료 디지털 전환 통신사
285,2,"LG CNS, IT 신기술 대거 적용된 부산 스마트시티 우선협상대상자 선정",신기술 적용 부산 스마트시티 우선협상대상자 선정
286,1,"LG CNS, 부산서 '국내 최대규모 스마트시티' 사업 이끈다",부산 국내 최대규모 스마트시티 사업
287,1,"LG CNS, 국내 최대 부산 스마트시티 사업 수주....84만평, 5.4조 규모",국내 최대 부산 스마트시티 사업 수주 만평 규모
288,1,"HDC현대산업개발, HDC랩스와 공동으로 '스마트 주차장 솔루션' 선봬",현대산업개발 HDC랩스 공동 스마트 주차장 솔루션 선봬
289,1,"한국수자원공사, 세계 최고 물종합 플랫폼 실현 방안 모색",한국수자원공사 세계 최고 물종합 플랫폼 실현 방안 모색
290,1,"신한베트남은행, 디지털 사업 총괄 '퓨처 뱅크 그룹' 출범",신한베트남은행 디지털 사업 총괄 퓨처 뱅크 그룹 출범
291,1,"LG CNS, 5.4조 원 규모 '부산 스마트시티 국가시범도시' 우선협상대상자 선정",규모 부산 스마트시티 국가시범도시 우선협상대상자 선정
292,2,"솔트룩스, `제조업 특화 AI 기술·사례` 세미나 20일 부산서 개최",솔트룩스 제조업 특화 기술 사례 세미나 부산 개최
293,1,"뷰노 AI기반 심정지 예측기기, 첫 선진입 의료기술 확정",뷰노 기반 심정지 예측기 선진입 의료기술 확정
294,1,"토스뱅크 ""은행서비스도 IT에서 해법 찾아야…혁신 거듭할 것""",토스뱅크 은행서비스 해법 혁신 거듭
295,1,"솔트룩스이노베이션, '제조업 연계 AI 기술과 솔루션 우수 사례' 세미나 개최",솔트룩스이노베이션 제조업 연계 기술 솔루션 우수 사례 세미나 개최
296,1,"HDC현대산업개발, 아이파크 단지 '스마트 주차장 솔루션' 업그레이드",현대산업개발 아이파크 스마트 주차장 솔루션 업그레이드
297,1,"하나금융그룹, 전국 대학생 대상 제16기 스마트 홍보대사 모집",하나금융그룹 전국 대학생 대상 스마트 홍보대사 모집
298,1,"안산시, 다문화마을특구 상권DB 구축해 시민 편의성 향상",안산시 다문화마을특구 상권DB 구축해 시민 편의성 향상
299,1,NH농협생명 “AI 활용한 보험사기 분석시스템 오픈”,농협생명 활용 보험사 분석시스템 오픈
300,1,"이에이트, ‘부산에코델타 스마트시티’ 구축 참여",이에이트 부산에코델타 스마트시티 구축 참여
301,1,"SK브로드밴드, 민관 협동으로 시니어 디지털 라이프 향상 나서",SK브로드밴드 민관 협동 시니어 디지털 라이프 향상
302,1,"농어촌公, 수질관리 디지털 전환 위한 국제워크숍 개최",농어촌公 수질관리 디지털 전환 국제워크숍 개최
303,1,"NH농협생명, AI·머신러닝으로 보험사기 잡아낸다",농협생명 머신러닝 보험사
304,1,[뉴스줌인]구글 서비스 정책 변경에 대학 '전전긍긍',뉴스줌 구글 서비스 정책 변경 대학 전전긍긍
305,1,"“실리콘밸리의 새 랜드마크”…구글 새 오피스, 거북 등껍질 닮았네",실리콘밸리 랜드마크 구글 오피스 거북 등껍질
306,1,"아크릴, AI 기반 '코로나 자가격리 건강관리 시스템' 개발",아크릴 기반 자가격리 건강관리 시스템 개발
307,1,"LGCNS·현대건설-신한 컨소, 5.4조 ‘부산 에코델타 스마트시티’ 낙점",현대건설 컨소 부산 에코델타 스마트시티 낙점
308,1,"모라이-파블로항공, ‘미래항공 모빌리티 플랫폼 구축’ MOU 체결",모라 파블로항공 미래항공 모빌리티 플랫폼 구축 체결
309,1,"SKB, 서울디지털재단과 콘텐츠 협약…""시니어 디지털 격차 해소""",서울디지털재단 콘텐츠 협약 시니어 디지털 격차 해소
310,3,"신한베트남은행, 디지털 사업 전담 추진 조직 'Future Bank Group' 출범 선포식 개최",신한베트남은행 디지털 사업 전담 추진 조직 출범 선포식 개최
311,2,"LG CNS, 5조4000억 규모 부산 스마트시티 사업 수주",규모 부산 스마트시티 사업 수주
312,1,"유정복 ""인천을 블록체인 특구로 지정해 혁신도시 만들 것""",유정복 인천 블록체 특구 지정 혁신도시
313,1,"NH농협생명, 혁신 금융으로 선정된 'TM보험 스마트 고객확인 서비스'",농협생명 혁신 금융 선정 보험 스마트 고객확인 서비스
314,1,"NH농협생명, AI 활용해 보험사기 걸러낸다",농협생명 활용해 보험사
315,3,"“車부품 잊어라” 현대모비스, SW·플랫폼 변신",車부품 현대모비스 플랫폼 변신
316,2,"[줌인IT] 알뜰폰 시장 키운 정부, 문제 해결에도 앞장서야",줌인IT 알뜰폰 시장 정부 문제 해결
317,1,"HDC현산·HDC랩스, ‘단지 내 빈 주차공간’ 알려주는 스마트기술 선봬",HDC현산 HDC랩스 주차공간 스마트기술 선봬
318,3,"고부기, 자체 개발 블록체인 기술 특허 출원",고부 자체 개발 블록체 기술 특허 출원
319,1,"현대건설, 5.4兆 규모 부산 '에코델타 스마트시티' 우선협 선정",현대건설 규모 부산 에코델타 스마트시티 우선협 선정
320,1,"환경자원 관리 플랫폼 ‘빼기’운영사 같다, 25억 규모 후속투자 유치",환경자원 관리 플랫폼 운영사 규모 후속투자 유치
321,1,"캠핑카 플랫폼 룬샷컴퍼니, 시드 투자 유치",캠핑카 플랫폼 룬샷컴퍼니 시드 유치
322,2,"수자원공사, 물종합 디지털플랫폼기업 실현방안 모색",수자원공사 물종합 디지털플랫폼기업 실현방안 모색
323,1,"LG CNS, 부산 스마트시티 우선협상자 선정으로 국가시범도시 2관왕 우뚝",부산 스마트시티 우선협상자 선정 국가시범도시 관왕
324,1,"인공지능이 대출업무 본다… ""금융AI 시장, 4년 뒤 3.2조 규모""",인공지능 대출업무 금융AI 시장 규모
325,1,"삼성생명, 고객 디지털 거래율 41% 달해…단체·법인고객도 챗봇 응대",삼성생명 고객 디지털 거래율 단체 법인고객 챗봇 응대
326,1,"""클라우드 시장, 승자독식""…IT전사 '40만 양병론'",클라우드 시장 승자독식 전사 양병론
327,1,"마이더스AI, 주가 돌연 '급등'…무슨 일?",마이더스AI 급등
328,1,"신한베트남은행, '퓨처뱅크그룹' 출범...""디지털 금융 생태계 조성""",신한베트남은행 퓨처뱅크그룹 출범 디지털 금융 생태계 조성
329,1,[IT 줌인] 루나 폭락 사태로 떠오른 스테이블코인 허점… 블록체인 시장 ‘흔들’,폭락 사태 스테이블코 허점 블록체 시장
330,1,"뷰노 심정지 의료 AI 솔루션, 비급여 사용 가능",뷰노 심정지 의료 솔루션 비급여 사용 가능
331,1,"""어르신들 스마트폰 이용 편리하게""..SKB, 시니어용 교육 콘텐츠 제공",스마트폰 이용 편리 시니어용 교육 콘텐츠 제공
332,2,"호남대, 노안초 초청 ‘훈훈한 AI교실’ 2차 진행",호남대 노안초 초청 훈훈 진행
333,1,"신한베트남은행, 디지털 성장 전략 추진 위한 'Future Bank Group' 출범 선포식 개최",신한베트남은행 디지털 성장 전략 추진 출범 선포식 개최
334,2,"""클라우드는 비즈니스 혁신성장을 위한 인프라플랫폼""",클라우드 비즈니스 혁신성장 인프라플랫폼
335,1,"오드컨셉, AI 모델 진화로 패션 이커머스 산업 트렌드 선도",오드컨셉 모델 진화 패션 이커머스 산업 트렌드 선도
336,1,"캐롯, 안전운전 플랫폼 '캐롯멤버스 오토' 출시…""자차 소유자 누구나 가입""",캐롯 안전운전 플랫폼 캐롯멤버스 오토 출시 자차 소유자 누구 가입
337,1,미래산업 교육 및 인프라 갖춘 융복합 스마트팜 눈에 띄네,미래산업 교육 인프 융복합 스마트팜
338,1,"셀바스 AI, 음성 기록 솔루션 '셀비 노트 2.0' GS 인증 1등급 획득",셀바스 음성 기록 솔루션 셀비 노트 인증 등급 획득
339,1,"신한베트남은행, 디지털금융 강화…전담조직 '퓨처뱅크그룹' 출범",신한베트남은행 디지털금융 강화 전담조직 퓨처뱅크그룹 출범
340,1,디지털 전환 가속에 '서버용 D램 시장' 광속 성장,디지털 전환 가속 서버용 시장 성장
341,1,"고진 ""디지털플랫폼정부, 오픈소스 활용 검토할 것""",고진 디지털플랫폼정부 오픈소스 활용 검토
342,1,"[유통 이슈] 캐치패션, 해외 럭셔리 플랫폼과 손잡고 ‘글로벌 세일 챌린지’ 돌입 外",유통 이슈 캐치패션 해외 럭셔리 플랫폼 글로벌 세일 챌린지 돌입
343,1,"PCN, 산자부 주관 MICE 통합지원 메타버스 플랫폼 연구개발 사업 선정",산자부 주관 통합지원 메타버스 플랫폼 연구개발 사업 선정
344,1,"신한은행, 베트남서 디지털 금융 생태계 조성…Future Bank Group 출범",신한은행 베트남서 디지털 금융 생태계 조성 출범
345,2,"농협 광주본부, 디지털 금융 역량 강화",농협 광주본부 디지털 금융 역량 강화
346,1,SK그룹 AI 비전 첫 검증…AI 서비스 '에이닷' 공개,그룹 비전 검증 서비스 에이닷 공개
347,1,"안산, 다문화마을특구 상권DB 구축 추진",안산 다문화마을특구 상권DB 구축 추진
348,1,"신한베트남은행, 디지털 사업 전담 '퓨쳐 뱅크 그룹' 출범",신한베트남은행 디지털 사업 전담 퓨쳐 뱅크 그룹 출범
349,1,"""클라우드 ERP, 기업 운영 프로세스 통합해 디지털 혁신도와""",클라우드 기업 운영 프로세스 통합해 디지털 혁신도
350,3,"아크릴·삼성서울병원, AI 기반 '코로나19 자가격리자 관리 시스템' 공동 개발",아크릴 삼성서울병원 기반 자가격리 관리 시스템 공동 개발
351,2,"LG전자, ‘IEEE ICC’에서 스마트 모빌리티·6G 분야 혁신 기술 알린다",전자 스마트 모빌리티 분야 혁신 기술
352,2,"그리드원, 'AI 플랫폼' GS인증 획득",그리드원 플랫폼 GS인증 획득
353,1,금산인삼 마케팅 다국어 DB 구축사업 추진,금산인삼 마케팅 다국어 구축사업 추진
354,4,[정옥재의 스마트 라이프] 노트북 작업하다가 쉴땐 태블릿...'서피스 프로 8' 써보니,정옥재 스마트 라이프 노트북 작업 쉴땐 태블릿 서피스 프로
355,1,[AI 프런티어-네이버] 창작하는 AI…사진 몇 장이면 3D 영상 '뚝딱',프런티 네이버 창작 영상 뚝딱
356,1,"""서로 다른 블록체인망에서 거래 안전 보장""...프로토콘, 해킹차단 기술 개발",블록체인망 보장 프로토콘 해킹차 기술 개발
357,1,"호남대, AI 실증화 교육혁신 4차 릴레이 워크숍",호남대 실증화 교육혁신 릴레이 워크숍
358,1,"구글 클라우드, '구글 I/O'서 클라우드 기술 혁신 대거 공개",구글 클라우드 구글 클라우드 기술 혁신 공개
359,1,"셀바스AI·원프레딕트, GS인증 1등급 획득...기술력과 편의성 인정",셀바스AI 원프레딕트 GS인증 등급 획득 기술력 편의성 인정
360,2,"캠핑카 플랫폼 운영사 ‘룬샷컴퍼니’, 시드 투자 유치",캠핑카 플랫폼 운영사 룬샷컴퍼니 시드 유치
361,1,어르신 '스마트폰 활용 꿀팁' TV로 배울 수 있다,스마트폰 활용 꿀팁
362,2,"LG CNS, '부산 스마트시티 사업' 우선협상대상자 선정",부산 스마트시티 사업 우선협상대상자 선정
363,1,"솔트룩스이노베이션, 부산서 '제조업 연계 AI 기술·사례' 세미나 개최",솔트룩스이노베이션 부산 제조업 연계 기술 사례 세미나 개최
364,2,"수자원공사, '제1차 디지털 혁신 릴레이 포럼' 개최",수자원공사 디지털 혁신 릴레이 포럼 개최
365,1,"토스뱅크 박준하 CTO, ""은행서비스도 IT서비스에서 해법 찾아야""",토스뱅크 박준하 은행서비스 IT서비스 해법
366,1,스타트업은 청년만 하나? 정년 앞두고 디지털치료제 도전,스타트업 청년 하나 정년 디지털치료제 도전
367,1,"고부기엔터, 블록체인 기술 특허 출원",고부기엔터 블록체 기술 특허 출원
368,1,"[인터뷰] KT 박기철 상무 ""AI컨택센터 분야 지배적 사업자 될 것""",인터뷰 박기철 상무 AI컨택센터 분야 지배적 사업자
369,1,"인권위, AI 인권 가이드라인 마련",인권위 인권 가이드라인 마련
370,1,'안착기 전환' 여부 20일 발표…재유행 대비 '코로나 플랫폼' 구축,안착기 전환 여부 발표 재유행 대비 플랫폼 구축
371,1,과학적 가스안전관리 실현 위한 디지털 전환 추진,과학적 가스안전관리 실현 디지털 전환 추진
372,1,"尹 대통령 ""광주, AI 기반 힘차게 도약…경제적 성취 꽃 피워야""",대통령 광주 기반 도약 경제적 성취
373,1,"SK브로드밴드-서울디지털재단, 어르신 교육 콘텐츠 제공 위해 맞손",SK브로드밴드 서울디지털재단 교육 콘텐츠 제공 맞손
374,1,"LG전자, ‘IEEE ICC’에서 스마트 모빌리티ㆍ6G 분야 혁신 기술 소개",전자 스마트 모빌리티ㆍ 분야 혁신 기술 소개
375,1,"콘센트릭스, ServiceSource 인수… B2B 디지털 세일즈 사업 가속화",콘센트릭스 디지털 세일즈 사업 가속화
376,1,"아크릴, 삼성서울병원과 AI기반 ‘코로나19 자가격리자 건강관리 시스템’ 공동 개발",아크릴 삼성서울병원 기반 자가격리 건강관리 시스템 공동 개발
377,1,"거북선컴퍼니·셀메이트, 쇼핑몰 비즈니스 디지털 전환 맞손",거북선컴퍼니 셀메이트 쇼핑몰 비즈니스 디지털 전환 맞손
378,1,"아크릴, 삼성서울병원과 AI기반 '코로나19 자가격리자 관리 시스템' 개발 완료",아크릴 삼성서울병원 기반 자가격리 관리 시스템 개발 완료
379,1,"HDC현산, HDC랩스와 '스마트 주차장 솔루션' 개발...신규 분양 아이파크부터 적용",HDC현산 HDC랩스 스마트 주차장 솔루션 개발 신규 분양 아이파크 적용
380,1,"[구글I/O②]구글 워크스페이스에 AL/ML 적용, 미래형 업무 환경 지원",구글I O② 구글 워크스페이스 적용 미래형 업무 환경 지원
381,1,"차세대 항암제 ‘TIGIT 억제제’ 로슈 난항…유한, 한올, 큐로셀은",차세대 항암제 억제제 로슈 난항 한올 큐로셀
382,1,캐롯손보 “전국민 안전운전 플랫폼으로 주행습관보험 선도”.. ‘캐롯멤버스 오토’ 론칭,캐롯손보 전국민 안전운전 플랫폼 주행습관보험 캐롯멤버스 오토 론칭
383,1,"신한베트남은행, 디지털 전략 추진 조직 '퓨처 뱅크 그룹' 출범",신한베트남은행 디지털 전략 추진 조직 퓨처 뱅크 그룹 출범
384,1,"아크릴-삼성서울병원, AI 활용 ""코로나19 자가격리자 관리 시스템"" 공동 개발 완료",아크릴 삼성서울병원 활용 자가격리 관리 시스템 공동 개발 완료
385,1,[앤츠랩] “AI가 분석한 코스피 전망…실적보다 지표에 집중할 때”,앤츠랩 분석 코스피 전망 실적 지표 집중
386,1,"카카오벤처스, 캠핑카 플랫폼 '룬샷컴퍼니' 찍었다",카카오벤처스 캠핑카 플랫폼 룬샷컴퍼
387,1,"이수화학, '2022 글로벌 모바일 비전' 참여…스마트팜 사업 성과 공개",이수화학 글로벌 모바 비전 참여 스마트팜 사업 공개
388,1,"신한베트남銀, 베트남 디지털 사업 전담 '퓨쳐 뱅크 그룹' 출범",신한베트남銀 베트남 디지털 사업 전담 퓨쳐 뱅크 그룹 출범
389,1,"현대건설, 스마트시티 신사업 경쟁력 강화...부산 국가시범도시 우선협상대상자 선정",현대건설 스마트시티 사업 경쟁력 강화 부산 국가시범도시 우선협상대상자 선정
390,1,"[구글I/O①]완전 관리형 앨로이DBMS 발표 ""쿼리 처리 100배 더 빨라""",구글I O① 완전 관리형 앨로이DBMS 발표 쿼리 처리
391,1,"[오늘의 IT 뉴스] KT, 유료방송의 최강자",오늘 뉴스 유료방송 최강자
392,1,"""전 국토 잇는 스마트허브 본부로 거듭나겠다""",국토 스마트허브 본부
393,1,"오드컨셉 ""비전 AI 기술 향상 통해 패션 이커머스 산업 이끌겠다""",오드컨셉 비전 기술 향상 패션 이커머스 산업
394,1,"SK브로드밴드, 서울디지털재단과 시니어 디지털 콘텐츠 관련 업무협약 체결",SK브로드밴드 서울디지털재단 시니어 디지털 콘텐츠 관련 업무협약 체결
395,1,"통신사 AI 스피커의 진화…""사용자와 자연스러운 일상 대화 가능""",통신사 스피커 진화 사용자 자연 일상 대화 가능
396,1,“생체 기반둔 디지털한의학으로 노화·치매 잡겠다” [미래산업 플러스],생체 기반둔 디지털한의학 노화 치매 미래산업 플러스
397,1,"SK브로드밴드, 서울디지털재단과 시니어 디지털 콘텐츠 제공 협약",SK브로드밴드 서울디지털재단 시니어 디지털 콘텐츠 제공 협약
398,2,"한양대 임창환 교수, AI로 가상의 뇌파신호 생성기술 개발",한양대 임창환 교수 가상 뇌파신호 생성기술 개발
399,1,"국내 메인넷 기업 ‘프로토콘’, 이기종 블록체인 브릿지 관련 향상 기술 공개",국내 메인넷 기업 프로토콘 이기종 블록체 브릿지 관련 향상 기술 공개
400,1,"다크트레이스, 자가학습 AI로 '신속 탐지' 및 '즉각 대응' 실현",다크트레이스 자가학습 신속 탐지 대응 실현
401,1,"신한라이프, AI·챗봇 서비스 등 여러 디지털 솔루션 제공…고객 맞춤형 건강증진, 헬스케어 사업 박차",신한라이프 챗봇 서비스 디지털 솔루션 제공 고객 맞춤형 건강증진 헬스케어 사업 박차
402,1,"역대 최대 규모, '부산 스마트시티 국가시범도시' 우선협상대상자로 'LG CNS' 선정... 84만평, 총 사업규모 약 5.4조원",역대 최대 규모 부산 스마트시티 국가시범도시 우선협상대상자 선정 만평 사업규모 조원
403,2,"라온피플-농촌진흥청, AI 스마트농업으로 잘사는 농촌 만든다",라온피플 농촌진흥청 스마트농업 농촌
404,1,"서울대병원, ‘AI 임상시험센터’ 20일 개소…AI 의료기기의 객관적 검증 체계 구축",서울대병원 임상시험센터 개소 의료기기 객관적 검증 체계 구축
405,1,"""디자인혁신과 기술융합으로 첨단미래도시 만들자"" 양산 스마트시티 전환 토론회 개최",디자인혁신 기술융합 첨단미래도시 양산 스마트시티 전환 토론회 개최
406,1,금산인삼 해외판로 확대 박차...다국어 마케팅 DB 구축,금산인삼 해외판 확대 박차 다국어 마케팅 구축
407,1,"PCN, 산자부 MICE 통합지원 메타버스 플랫폼 연구개발 사업 수주",산자부 통합지원 메타버스 플랫폼 연구개발 사업 수주
408,1,"일본, 한국 AI 기술로 교통약자 이동권 지원...""국내 지하철 도입 필요""",일본 한국 기술 교통약자 이동권 지원 국내 지하철 도입 필요
409,1,"국회도서관, 미국 디지털자산 규제 방향 소개",국회도서관 미국 디지털자산 규제 방향 소개
410,1,디지털터치 'SOP 파이널판타지 오리진' 할인 혜택 선봬,디지털터치 파이널판타지 오리진 혜택 선봬
411,1,"""AI로 난치성 통증 연구 길 열릴까""…과기원통증연구단-티쓰리큐 손 잡았다",난치성 통증 연구 과기원통증연구단 티쓰리큐
412,2,"농협광주본부, 디지털금융 사업역량강화를 위한 교육 실시",농협광주본부 디지털금융 사업역량강화 교육 실시
413,1,"'주차위치 자동 알림, 현관서 빈자리 확인'...HDC현산 '스마트주차장 솔루션'",주차위치 자동 현관 빈자리 확인 HDC현산 스마트주차장 솔루션
414,1,"美 “北 IT인력 수천명 해외 위장취업, 韓中 국적으로 핵-미사일 자금 마련”",인력 수천명 해외 위장취업 韓中 국적 미사 자금 마련
415,1,尹대통령 남다른 관심···광주 AI산업 날개달까,尹대통령 관심 광주 산업 날개달까
416,1,[플랫폼유통칼럼]뉴노멀에서 노멀로,플랫폼유통칼럼 뉴노멀 노멀
417,1,"유엔해비타트 한국委, K-핀테크 시장 활성화 세미나 개최",유엔해비타트 한국委 핀테크 시장 활성화 세미나 개최
418,1,"구글, 클라우드 보안 공략 가속...새 서비스 3종 출시",구글 클라우드 보안 공략 가속 서비스 출시
419,1,"NH농협생명, AI활용 보험사기분석시스템 고도화···보험사기 예측분석 정확도↑",농협생명 보험사기분석시스템 고도화 보험사 예측분석 정확도
420,1,감염병 발생 매년 증가추세…'AI 건강관리 시스템'으로 격리자 관리한다,감염병 발생 매년 증가추세 건강관리 시스템 격리 관리
421,1,"농어촌공사, 수질관리 디지털 전환 ‘속도’..전문가 초청 국제워크숍",농어촌공사 수질관리 디지털 전환 전문 초청 국제워크숍
422,1,제조업 미래 견인하는 AI 기술 활용법 모색,제조업 미래 견인 기술 활용법 모색
423,1,"[인사이드＆인사이트]“포털 ‘AI 기사 추천’ 편향 여전”… 정치권, 뉴스서비스 수술 예고",인사이드 인사이트 포털 기사 추천 편향 여전 정치권 뉴스서비스 수술 예고
424,1,"오드컨셉, 비전 AI 기술 업그레이드",오드컨셉 비전 기술 업그레이드
425,2,"국내 금융 AI 시장, 2026년까지 연평균 38.2% 성장 전망된다",국내 금융 시장 연평균 성장 전망
426,2,"포스텍-한양대 공동연구팀, 배터리 용량 예측할 ‘AI 기술’ 개발",포스텍 한양대 공동연구팀 배터리 용량 예측 기술 개발
427,2,"대웅제약, 동남아 디지털 헬스케어 시장 진출",대웅제약 동남아 디지털 헬스케어 시장 진출
428,1,"모스페이스, 바이오·헬스 전문 엑셀러레이팅 플랫폼 '투굿(TOGOOD)' 론칭",모스페이스 헬스 전문 엑셀러레이팅 플랫폼 투굿 론칭
429,1,"고양署, 덕양구 화정권역 일대 'AI기술 교통신호체계' 새롭게 구축",고양署 덕양구 화정권역 일대 기술 교통신호체계 구축
430,1,"""바퀴 달린 집이네"" LG전자가 선보인 스마트 모빌리티 'LG옴니팟', 특징은?",바퀴 전자 스마트 모빌리티 LG옴니팟 특징
431,1,"라온피플-농촌진흥청, AI 스마트농업 구축 위한 업무 협약체결",라온피플 농촌진흥청 스마트농업 구축 업무 협약체결
432,1,총 5조4000억원 규모 '부산 스마트시티 국가시범도시 구축' 사업 우선협상대상자로 LG CNS 컨소시엄 선정,억원 규모 부산 스마트시티 국가시범도시 구축 사업 우선협상대상자 컨소시엄 선정
433,1,"애플이 구글에서 모셔온 AI 인재, 다시 구글로 간 이유",애플 구글 인재 구글 이유
434,1,"가스안전공사, 안전관리 디지털 전환·관리방식 혁신안 추진한다",가스안전공사 안전관리 디지털 전환 관리방식 혁신안 추진
435,3,"쇼핑몰 통합관리 플랫폼 '비플로우', '셀메이트'와 업무협약 체결",쇼핑몰 통합관리 플랫폼 플로우 셀메이트 업무협약 체결
436,1,패션 이커머스 환경에서 활용하는 비전 AI 기술...오드컨셉 인공지능 또 한번 진화!,패션 이커머스 환경 활용 비전 기술 오드컨셉 인공지능 한번 진화
437,1,"코이카, 디지털 혁신의 날 개최",코이카 디지털 혁신 개최
438,1,[디지털문서 인사이트]디지털문서는 문서가 아니다,디지털문 인사이트 디지털문 문서
439,1,"신한라이프, IT전산 시스템 통합된다···시너지 본격화",신한라이프 전산 시스템 통합 시너지 본격화
440,1,"[디지털대전] ""1억만 있으면 누구나 자산관리""…'파격' 화상 서비스 준비하는 농협銀",디지털대전 누구 자산관리 파격 화상 서비스 준비 농협銀
441,1,"콘센트릭스, 글로벌 B2B 디지털 세일즈 기업‘ServiceSource’인수",콘센트릭스 글로벌 디지털 세일즈 기업 인수
442,1,"""디지털헬스케어 육성지원법, 산업발전에 필수불가결 첫 걸음""",디지털헬스케어 육성지원법 산업발전 필수불가결 걸음
443,1,SKT 클라우드 플랫폼 새 단장…B2B 공략 본격화,클라우드 플랫폼 단장 공략 본격화
444,1,"홈플러스, 업계 첫 '스마트팜 카페'로 경험 극대화",홈플러스 업계 스마트팜 카페 경험 극대화
445,1,"토종 메인넷 '프로토콘', 황서 2편 공개...이종 블록체인 브릿지 보안 기술 담았다",토종 메인넷 프로토콘 황서 공개 이종 블록체 브릿지 보안 기술
446,1,"한국IT서비스학회, '한국 디지털서비스의 새로운 도전과제' 춘계학술대회 개최",한국IT서비스학회 한국 디지털서비스 도전과제 춘계학술대회 개최
447,2,"드림시큐리티 주가 2%↑…""국가 디지털플랫폼 핵심기술 연구 주관기업 선정""",드림시큐리티 디지털플랫폼 핵심기술 연구 주관기업 선정
448,1,"[리뷰] 친구같은 AI비서, SKT 'A.' 직접 써보니…",리뷰 친구
449,1,"KMH, AIM뮤직와 손잡고 메타버스 음원시장 진출",뮤직 메타버스 음원시장 진출
450,1,[데이터루43호] 이태원 소생 뒤엔 카페의 저력 있었다…카페 방문객 21% 상승,데이터루 이태원 소생 카페 저력 카페 방문객 상승
451,1,"[속보]尹대통령 ""광주·호남, 경제적 성취 꽃피워야…AI·첨단산업 고도화""",속보 尹대통령 광주 호남 경제적 성취 첨단산업 고도화
452,1,"한국농어촌공사, 수질관리 디지털 전환 속도 낸다",한국농어촌공사 수질관리 디지털 전환
453,1,난치병 정복할 바이오기술…IT·NT융합으로 속도 낸다 [Big Picture],난치병 정복 바이오기술 NT융합
454,1,"이에이트, '부산 에코델타 스마트시티'에 디지털 트윈 플랫폼 구현",이에이트 부산 에코델타 스마트시티 디지털 트윈 플랫폼 구현
455,1,[기고] NoSQL 데이터베이스를 도입할 때 고려해야 할 것들,데이터베이스 도입 것들
456,1,"NDS 건강관리플랫폼 '라이프월릿' 리뉴얼 오픈, 사용자 편의성 향상",건강관리플랫폼 라이프월릿 리뉴얼 오픈 사용자 편의성 향상
457,1,"코어라인소프트, 유럽 대형 병원과 AI 진단 솔루션 공급 계약",코어라인소프트 유럽 대형 병원 솔루션 공급 계약
458,1,쇼핑몰 운영도 AI시대…스냅컴퍼니 자동 진열 솔루션 ‘스냅큐’로 상품 진열 최적화,쇼핑몰 운영 시대 스냅컴퍼니 자동 진열 솔루션 스냅큐 상품 진열 최적화
459,1,"코너스·美 캐드머스 그룹,AI 재난안전 사업 협력 협약 체결",코너스 캐드머스 그룹 재난안전 사업 협력 협약 체결
460,1,"해남군, 사계절 정원 즐길수 있는 스마트가든 2곳 의료기관에 조성",해남군 사계절 정원 스마트 의료기관 조성
461,1,"토픽코리아 HRD, 4차 산업 핵심 직무교육 디지털 융합 과정 교육 훈련비 전액 지원",토픽코리 산업 핵심 직무교육 디지털 융합 과정 교육 훈련비 전액 지원
462,1,[테크M 트렌드] 코딩 몰라도 AI 쓴다?…'노코드·로코드' 전성시대,테크M 트렌드 코딩 노코드 로코드 전성시대
463,1,"진화하는 의료IT, 원격의료 앞당길까",진화 의료IT 원격의료
464,1,녹색수소 시대 걸맞는 디지털 솔루션 제공,녹색수소 시대 디지털 솔루션 제공
465,1,"천안시, 첨단 기술 접목 스마트 주차정보시스템 구축 돌입",천안시 첨단 기술 접목 스마트 주차정보시스템 구축 돌입
466,1,"KT 알뜰폰 통신사 위너스텔, 구독공유 플랫폼 링키드 가입자 위한 요금제 추가",알뜰폰 통신사 위너스텔 구독공유 플랫폼 링키드 가입자 요금제 추가
467,1,"고이비토 명품감정원, 온라인 명품감정 플랫폼 오픈",고이비토 명품감정원 온라인 명품감정 플랫폼 오픈
468,1,[나호정의 디지랜드] 日사카타시에는 AI가 공무원 일을 도와준다고?,나호정 디지랜드 日사카타시 공무원
469,1,"무역협회 ""디지털 기술 발전 넘어 비즈니스 모델 창출 앞장""",무역협회 디지털 기술 발전 비즈니스 모델 창출 앞장
470,1,드론과 AI 분석 기법 활용해 항만시설물 정밀 검사와 점검자 안전 확보한다,드론 분석 기법 활용해 항만시설물 정밀 검사 점검자 확보
471,1,[에누리 주간IT-5월 2주] 가정의 달 할인 행사에 대용량 세탁기 판매 및 매출 증가,에누리 주간IT 가정 행사 대용량 세탁기 판매 매출 증가
472,1,"에듀윌, '에듀윌 토익 AI 앱' 통해 수험생 지원",에듀윌 에듀윌 토익 수험생 지원
473,1,"디지털마케팅 기업 Driven, 자동화 리포팅 시스템 'Drag In'(드래그) 구축",디지털마케팅 기업 자동화 리포팅 시스템 드래그 구축
474,1,"실리콘밸리의 인공지능 스타트업은 어떻게 일할까?...업스테이지, 실리콘밸리 AI 스타트업 경험 나누는 '업스테이지 톡' 개최",실리콘밸리 인공지능 스타트업 업스테이지 실리콘밸리 스타트업 경험 업스테 개최
475,1,"뷰노, 안국약품과 당뇨병 합병증 진단 AI 공급계약",뷰노 안국약품 당뇨병 합병증 공급계약
476,1,"[더벨]'AI 신약' 파로스아이바이오, 기평 통과…IPO 시동",더벨 신약 파로스아이바이오 기평 시동
477,1,[기업가정신으로 새길 여는 중소 벤처기업 | ⑥ 아이지] 스마트공장 메타버스시대 개척 … 직원 양성해 인력난 해소,기업가정신 중소 벤처기업 아이 스마트공장 메타버스시대 개척 직원 양성해 인력난 해소
478,1,"""AI 기술의 산업적 융복합 단기간 구현 어려워…지속적 육성 위한 체계 구축이 중요""",기술 산업적 융복합 단기간 구현 지속적 육성 체계 구축 중요
479,1,IT 인재 확보 전쟁…최고의 인재를 만족시키는 리더십 비밀 5가지,인재 확보 전쟁 최고 인재 만족 리더십 비밀 가지
480,1,"클레이튼, BSN 파트너십 통해 중국 블록체인 시장 진입",클레이튼 파트너십 중국 블록체 시장 진입
481,1,'신바람난' 휴림로봇·로보로보·셀바스AI·마인즈랩·TPC... 기술력 '고평가' 기업 어디?,휴림로봇 로보로보 셀바스AI 마인즈랩 기술력 고평 기업 어디
482,1,'가상 인간 애널리스트의 등장'…AI에 적극적인 증권사들,가상 인간 애널리스트 등장 적극적 증권사들
483,1,"GS이니마, MS 지능형 비즈니스 플랫폼 도입…""업무관리 통합체계 구축""",GS이니마 지능형 비즈니스 플랫폼 도입 업무관리 통합체계 구축
484,1,"“오픈소스 보안 강화·제로트러스트 구축 간소화” 구글 클라우드, 새 서비스 공개",오픈소스 보안 강화 제로트러스트 구축 간소화 구글 클라우드 서비스 공개
485,1,"[단독] 현대차, 다국어 '음성 비서' 장착한다…美 음성 AI기업 '사운드하운드' 맞손",단독 현대차 다국어 음성 장착 음성 기업 사운드하운드 맞손
486,1,"""구글이 한 번 더 검증한다"" 구글, 코드 리뷰 거친 일반 오픈소스 패키지 AOSS 공개",구글 검증 구글 코드 리뷰 일반 오픈소스 패키지 공개
487,1,"(전문직 플랫폼 수난시대②)해외 플랫폼 커지는데…""신산업 갈라파고스화 우려""",전문직 플랫폼 수난시대② 해외 플랫폼 신산업 갈라파고스화 우려
488,1,"정부 주도 AI 전략, 세계 주요 국가의 계획 추진 상황은?",정부 전략 세계 주요 국가 계획 추진 상황
489,1,[파워인터뷰] 픽잇코리아 김병호 지사장 “3D비전은 ‘로봇의 눈’…스마트 팩토리 한 축 담당할 것”,파워인터뷰 픽잇코리아 김병호 지사장 비전 로봇 스마트 팩토리 담당
490,1,[전문가의 눈] 스마트한 농업을 위한 제언,전문가 스마트 농업 제언
491,1,"""교육 콘텐츠 제공""…SK브로드밴드, 시니어 디지털 격차 해소 나서",교육 콘텐츠 제공 SK브로드밴드 시니어 디지털 격차 해소
492,1,"신한베트남은행, 디지털 생태계 조성 위한 '퓨처 뱅크 그룹' 출범 선포식",신한베트남은행 디지털 생태계 조성 퓨처 뱅크 그룹 출범 선포식
493,1,"신한베트남은행, 디지털 사업 추진 조직 'Future Bank Group' 출범 선포식",신한베트남은행 디지털 사업 추진 조직 출범 선포식
494,1,"HDC현대산업개발, HDC랩스와 '스마트 주차장' 기술 개발",현대산업개발 HDC랩스 스마트 주차장 기술 개발
495,1,"신한베트남은행, 디지털 사업 전담 추진 조직 ‘퓨처 뱅크 그룹’ 출범",신한베트남은행 디지털 사업 전담 추진 조직 퓨처 뱅크 그룹 출범
496,2,"HDC현대산업개발, 지능형 스마트 기술개발… IPARK에 도입",현대산업개발 지능형 스마트 기술개발 도입
497,1,인천경제자유구역 블록체인 특구화” 유정복 정책 공약 발표,인천경제자유구역 블록체 특구화 유정복 정책 공약 발표
498,1,"SK브로드밴드, 서울디지털재단과 콘텐츠 업무 협약",SK브로드밴드 서울디지털재단 콘텐츠 업무 협약
499,1,"이수화학, ICT 전시회 ‘GMV 2022’서 스마트팜 사업 성과 선보인다",이수화학 전시회 스마트팜 사업
500,1,"신한베트남은행, 'Future Bank Group' 출범 선포...""디지털 뱅크 위상 강화""",신한베트남은행 출범 선포 디지털 뱅크 위상 강화
501,1,한화·교보생명 오너 3세 ‘디지털’ 대결…누가 웃나,한화 교보생명 오너 디지털 대결 누구
502,1,"IT업계도 팸잼(Fam-Zam) 열풍, 아이부터 어른까지 우리 가족 취미생활 책임지는 IT 플랫폼",업계 팸잼 열풍 아이 어른 우리 가족 취미생활 플랫폼
