title,url,thumbnail,cluster2nd
국방 공공데이터 활용 창업경진대회…국민 누구나 참여,http://www.newsis.com/view/?id=NISX20220530_0001890396&cID=10301&pID=10300,https://search.pstatic.net/common/?src=https%3A%2F%2Fimgnews.pstatic.net%2Fimage%2Forigin%2F003%2F2022%2F05%2F30%2F11217529.jpg&type=ofullfill264_180_gray&expire=2&refresh=true,4
"신용정보원, 공공 마이데이터 활용 정보 확대 제공",http://www.etnews.com/20220530000133,https://search.pstatic.net/common/?src=https%3A%2F%2Fimgnews.pstatic.net%2Fimage%2Forigin%2F030%2F2022%2F05%2F30%2F3020217.jpg&type=ff264_180&expire=2&refresh=true,4
'개방직' 부산시 빅데이터통계과장에 김현선 前IBM 상무,https://www.yna.co.kr/view/AKR20220530040500001?input=1195m,https://search.pstatic.net/common/?src=https%3A%2F%2Fimgnews.pstatic.net%2Fimage%2Forigin%2F001%2F2022%2F05%2F30%2F13214001.jpg&type=ofullfill264_180_gray&expire=2&refresh=true,1
구미시 공공데이터 기업매칭지원사업 선정,https://www.sedaily.com/NewsView/26666EL0YL,https://search.pstatic.net/common/?src=https%3A%2F%2Fimgnews.pstatic.net%2Fimage%2Forigin%2F011%2F2022%2F05%2F30%2F4059670.jpg&type=ff264_180&expire=2&refresh=true,2
"심평원-데이터산업진흥원, 업무협약 ""빅데이터 기반 혁신 창출""",http://news.heraldcorp.com/view.php?ud=20220530000727,https://search.pstatic.net/common/?src=https%3A%2F%2Fimgnews.pstatic.net%2Fimage%2Forigin%2F016%2F2022%2F05%2F30%2F1997301.jpg&type=ff264_180&expire=2&refresh=true,1
"효성인포메이션시스템, 데이터 패브릭 혁신 지원",http://www.inews24.com/view/1485424,https://search.pstatic.net/common/?src=https%3A%2F%2Fimgnews.pstatic.net%2Fimage%2Forigin%2F031%2F2022%2F05%2F30%2F675696.jpg&type=ff264_180&expire=2&refresh=true,8
김포시 데이터 기반 행정으로 '스마트 도시' 구현,http://news.mt.co.kr/mtview.php?no=2022053013062480433,https://search.pstatic.net/common/?src=https%3A%2F%2Fimgnews.pstatic.net%2Fimage%2Forigin%2F008%2F2022%2F05%2F30%2F4752596.jpg&type=ff264_180&expire=2&refresh=true,8
"주가 폭락에 증권거래세 34%↓…""이참에 폐지"" 주장도 [강진규의 데이터너머]",https://www.hankyung.com/finance/article/202205302243i,https://search.pstatic.net/common/?src=https%3A%2F%2Fimgnews.pstatic.net%2Fimage%2Forigin%2F015%2F2022%2F05%2F30%2F4705541.jpg&type=ff264_180&expire=2&refresh=true,1
"쿠콘, 현대차증권 마이데이터 서비스에 데이터 제공",http://www.fnnews.com/news/202205300958227648,https://search.pstatic.net/common/?src=https%3A%2F%2Fimgnews.pstatic.net%2Fimage%2Forigin%2F014%2F2022%2F05%2F30%2F4843933.jpg&type=ff264_180&expire=2&refresh=true,28
"중국, '데이터통합 프로젝트' 본격 추진…첫 회의 개최",https://www.yna.co.kr/view/AKR20220530049300009?input=1195m,https://search.pstatic.net/common/?src=https%3A%2F%2Fimgnews.pstatic.net%2Fimage%2Forigin%2F001%2F2022%2F05%2F30%2F13213559.jpg&type=ff264_180&expire=2&refresh=true,18
"광주경진원, 중소기업 '데이터 활용 자생력' 키워준다",http://www.newsis.com/view/?id=NISX20220530_0001890749&cID=13001&pID=13000,https://search.pstatic.net/common/?src=https%3A%2F%2Fimgnews.pstatic.net%2Fimage%2Forigin%2F003%2F2022%2F05%2F30%2F11218298.jpg&type=ff264_180&expire=2&refresh=true,4
"""데이터로 재난 예측""…과기정통부, 디지털트윈 15개 과제 260억 지원",https://www.ajunews.com/view/20220530133438260,https://search.pstatic.net/common/?src=https%3A%2F%2Fimgnews.pstatic.net%2Fimage%2Forigin%2F5090%2F2022%2F05%2F30%2F2141704.jpg&type=ofullfill264_180_gray&expire=2&refresh=true,8
[아!이뉴스] '국가데이터정책위' 출범 임박…블리자드가 쏘아 올린 '이모탈',http://www.inews24.com/view/1485544,https://search.pstatic.net/common/?src=https%3A%2F%2Fimgnews.pstatic.net%2Fimage%2Forigin%2F031%2F2022%2F05%2F30%2F675742.jpg&type=ff264_180&expire=2&refresh=true,1
웨어러블로 ‘소리 없는 암살자’ 조기 진단…빅데이터 원격의료 진화 가속,https://biz.chosun.com/industry/company/2022/05/30/6UWSYZC5IBDPXFFEJSEKPT3JT4/?utm_source=naver&utm_medium=original&utm_campaign=biz,https://search.pstatic.net/common/?src=https%3A%2F%2Fimgnews.pstatic.net%2Fimage%2Forigin%2F366%2F2022%2F05%2F30%2F817411.jpg&type=ff264_180&expire=2&refresh=true,23
"자율주행 데이터 솔루션 기업 인피닉, '글로벌 ICT 미래 유니콘 기업' 선정",https://www.news1.kr/articles/?4696409,https://search.pstatic.net/common/?src=https%3A%2F%2Fimgnews.pstatic.net%2Fimage%2Forigin%2F421%2F2022%2F05%2F30%2F6126408.jpg&type=ff264_180&expire=2&refresh=true,25
'국가데이터정책위' 출범 임박…데이터 컨트롤타워 역할 기대 [IT돋보기],http://www.inews24.com/view/1485409,https://search.pstatic.net/common/?src=https%3A%2F%2Fimgnews.pstatic.net%2Fimage%2Forigin%2F031%2F2022%2F05%2F30%2F675672.jpg&type=ff264_180&expire=2&refresh=true,8
"제1회 '빅데이터AI포럼' 개최…""빅데이터와 AI 통해 정책 제안""",http://mbn.mk.co.kr/pages/news/newsView.php?category=mbn00003&news_seq_no=4773023,https://search.pstatic.net/common/?src=https%3A%2F%2Fimgnews.pstatic.net%2Fimage%2Forigin%2F057%2F2022%2F05%2F30%2F1666886.jpg&type=ff264_180&expire=2&refresh=true,1
[빅데이터MSI]30일 오전 주식시장 심리 4단계 '보통',http://www.newsis.com/view/?id=NISX20220530_0001889805&cID=10401&pID=10400,https://search.pstatic.net/common/?src=https%3A%2F%2Fimgnews.pstatic.net%2Fimage%2Forigin%2F003%2F2022%2F05%2F30%2F11216764.jpg&type=ff264_180&expire=2&refresh=true,1
"한국데이터산업진흥원, '2022 데이터 청년 캠퍼스' 참여자 모집",http://www.edaily.co.kr/news/newspath.asp?newsid=02735526632334168,https://search.pstatic.net/common/?src=https%3A%2F%2Fimgnews.pstatic.net%2Fimage%2Forigin%2F018%2F2022%2F05%2F30%2F5229291.jpg&type=ff264_180&expire=2&refresh=true,8
90兆 데이터처리 시장 샛별 '망고부스트' 130억 펀딩,https://www.paxnetnews.com/articles/87534,https://search.pstatic.net/common/?src=https%3A%2F%2Fimgnews.pstatic.net%2Fimage%2Forigin%2F5630%2F2022%2F05%2F30%2F41589.jpg&type=ofullfill264_180_gray&expire=2&refresh=true,1
바이어 찾아주는 AI…빅데이터 활용해 유망 거래처 3분 만에 뽑아줘,https://www.hankyung.com/economy/article/2022053008041,https://search.pstatic.net/common/?src=https%3A%2F%2Fimgnews.pstatic.net%2Fimage%2Forigin%2F015%2F2022%2F05%2F30%2F4705468.jpg&type=ff264_180&expire=2&refresh=true,1
"국립암센터, 인공지능·빅데이터 국제심포지엄 개최",http://www.yakup.com/news/index.html?mode=view&cat=13&nid=270077,https://search.pstatic.net/common/?src=https%3A%2F%2Fimgnews.pstatic.net%2Fimage%2Forigin%2F5100%2F2022%2F05%2F30%2F146821.jpg&type=ff264_180&expire=2&refresh=true,1
"""2년간 서비스 무료"" 저축은행 시장 잡아라…마이데이터 제휴 경쟁 '후끈'",http://news.mk.co.kr/newsRead.php?no=477568&year=2022,https://search.pstatic.net/common/?src=https%3A%2F%2Fimgnews.pstatic.net%2Fimage%2Forigin%2F009%2F2022%2F05%2F30%2F4971120.jpg&type=ff264_180&expire=2&refresh=true,28
"인천 중구, 공공데이터 제공 운영실태 평가 3년 연속 우수기관",http://news.heraldcorp.com/view.php?ud=20220530000665,https://search.pstatic.net/common/?src=https%3A%2F%2Fimgnews.pstatic.net%2Fimage%2Forigin%2F016%2F2022%2F05%2F30%2F1997255.jpg&type=ff264_180&expire=2&refresh=true,3
"셀렉트스타, 8억원 규모 'AI 데이터셋 지원사업' 시작",http://www.hellodd.com/news/articleView.html?idxno=97051,https://search.pstatic.net/common/?src=https%3A%2F%2Fimgnews.pstatic.net%2Fimage%2Forigin%2F5409%2F2022%2F05%2F30%2F17016.jpg&type=ofullfill264_180_gray&expire=2&refresh=true,1
"유성민 허들러스 대표 ""데이터만큼 심리적 요소 연구해야""",https://zdnet.co.kr/view/?no=20220530110151,https://search.pstatic.net/common/?src=https%3A%2F%2Fimgnews.pstatic.net%2Fimage%2Forigin%2F092%2F2022%2F05%2F30%2F2258250.jpg&type=ff264_180&expire=2&refresh=true,8
"방탄소년단 뷔, 구글 트렌드 2013년~2022년 누적 데이터...최다 검색 K팝아이돌 1위",https://tenasia.hankyung.com/topic/article/2022053004234,https://search.pstatic.net/common/?src=https%3A%2F%2Fimgnews.pstatic.net%2Fimage%2Forigin%2F312%2F2022%2F05%2F30%2F549817.jpg&type=ff264_180&expire=2&refresh=true,8
[아침발걸음]오성과 한음에게 배우는 농업인 마이데이터,http://sjbnews.com/news/news.php?number=747067,https://search.pstatic.net/common/?src=https%3A%2F%2Fimgnews.pstatic.net%2Fimage%2Forigin%2F5153%2F2022%2F05%2F30%2F225445.jpg&type=ofullfill264_180_gray&expire=2&refresh=true,28
"KT, 통신 상장기업 브랜드평판 5월 빅데이터 분석 결과 1위 기록",http://www.thebigdata.co.kr/view.php?ud=20220530084720441607d270612f_23,https://search.pstatic.net/common/?src=https%3A%2F%2Fimgnews.pstatic.net%2Fimage%2Forigin%2F5645%2F2022%2F05%2F30%2F118223.jpg&type=ofullfill264_180_gray&expire=2&refresh=true,13
"더존비즈온, 아동 데이터 기반해 상시위기 대처…복지시스템 한계 없앤다",http://news.mk.co.kr/newsRead.php?no=474725&year=2022,https://search.pstatic.net/common/?src=https%3A%2F%2Fimgnews.pstatic.net%2Fimage%2Forigin%2F009%2F2022%2F05%2F30%2F4970749.jpg&type=ff264_180&expire=2&refresh=true,8
"바이트브릿지, 머신러닝 학습 데이터 설계 위한 전문 컨설팅 서비스 개시",http://www.datanet.co.kr/news/articleView.html?idxno=173066,https://search.pstatic.net/common/?src=https%3A%2F%2Fimgnews.pstatic.net%2Fimage%2Forigin%2F5096%2F2022%2F05%2F30%2F123615.jpg&type=ofullfill264_180_gray&expire=2&refresh=true,8
바디워시 브랜드평판 2022년 5월 빅데이터 분석결과,http://www.ujeil.com/news/articleView.html?idxno=304902,https://search.pstatic.net/common/?src=https%3A%2F%2Fimgnews.pstatic.net%2Fimage%2Forigin%2F5583%2F2022%2F05%2F30%2F103184.jpg&type=ofullfill264_180_gray&expire=2&refresh=true,13
"지구를 지키기 위한 한걸음, 데이터 플로깅을 아시나요?",http://www.headlinejeju.co.kr/news/articleView.html?idxno=487712,https://search.pstatic.net/common/?src=https%3A%2F%2Fimgnews.pstatic.net%2Fimage%2Forigin%2F5267%2F2022%2F05%2F30%2F224685.jpg&type=ofullfill264_180_gray&expire=2&refresh=true,8
'빅데이터로 보는 지방선거' 3차 분석,https://www.cctoday.co.kr/news/articleView.html?idxno=2162910, ,1
"데이터 분석 플랫폼 '핵클', 비대면 바우처 공급기업 선정",http://www.gvalley.co.kr/news/articleView.html?idxno=604004,https://search.pstatic.net/common/?src=https%3A%2F%2Fimgnews.pstatic.net%2Fimage%2Forigin%2F5206%2F2022%2F05%2F30%2F78928.jpg&type=ofullfill264_180_gray&expire=2&refresh=true,2
"가이온, 데이터바우처 공급 4년 연속 협약 체결",http://www.enewstoday.co.kr/news/articleView.html?idxno=1573242, ,1
'中企 통계데이터 활용한 정책' 공모전,http://www.kbiznews.co.kr/news/articleView.html?idxno=91300, ,4
[김성우 칼럼] 에너지전환과 기술빅데이터 활용,https://www.ekn.kr/web/view.php?key=20220528010004683,https://search.pstatic.net/common/?src=https%3A%2F%2Fimgnews.pstatic.net%2Fimage%2Forigin%2F5133%2F2022%2F05%2F30%2F521211.jpg&type=ofullfill264_180_gray&expire=2&refresh=true,4
"기업 데이터, 클라우드로 안전하게 이관하려면",https://byline.network/?p=9004111222475645,https://search.pstatic.net/common/?src=https%3A%2F%2Fimgnews.pstatic.net%2Fimage%2Forigin%2F5704%2F2022%2F05%2F30%2F5503.jpg&type=ofullfill264_180_gray&expire=2&refresh=true,25
"美 카네기멜론대, 자율주행 ATV 훈련용 데이터세트 제작",http://www.irobotnews.com/news/articleView.html?idxno=28616,https://search.pstatic.net/common/?src=https%3A%2F%2Fimgnews.pstatic.net%2Fimage%2Forigin%2F5430%2F2022%2F05%2F30%2F20016.jpg&type=ff264_180&expire=2&refresh=true,25
데이터산업시대 보건의료정보관리 역할·전략 모색,http://www.whosaeng.com/136432,https://search.pstatic.net/common/?src=https%3A%2F%2Fimgnews.pstatic.net%2Fimage%2Forigin%2F5619%2F2022%2F05%2F30%2F34781.jpg&type=ofullfill264_180_gray&expire=2&refresh=true,1
"에이블런-지디넷, ‘일잘러 직장인 필수 데이터분석 과정’ 교육생 모집",https://zdnet.co.kr/view/?no=20220530100937,https://search.pstatic.net/common/?src=https%3A%2F%2Fimgnews.pstatic.net%2Fimage%2Forigin%2F092%2F2022%2F05%2F30%2F2258230.jpg&type=ff264_180&expire=2&refresh=true,26
"[전문가기고]데이터센터, 친환경·경제성 모두 잡아야",http://www.etnews.com/20220530000123,https://search.pstatic.net/common/?src=https%3A%2F%2Fimgnews.pstatic.net%2Fimage%2Forigin%2F030%2F2022%2F05%2F30%2F3020315.jpg&type=ofullfill264_180_gray&expire=2&refresh=true,27
"韓 우주사업팀 꾸리는 AWS…글로벌 위성 데이터, 클라우드로 잡는다",https://www.ajunews.com/view/20220530003424836,https://search.pstatic.net/common/?src=https%3A%2F%2Fimgnews.pstatic.net%2Fimage%2Forigin%2F5090%2F2022%2F05%2F30%2F2141493.jpg&type=ofullfill264_180_gray&expire=2&refresh=true,8
"한국수산자원공단, 공공데이터 구축ㆍ개방",http://www.jejudomin.co.kr/news/articleView.html?idxno=210261,https://search.pstatic.net/common/?src=https%3A%2F%2Fimgnews.pstatic.net%2Fimage%2Forigin%2F5186%2F2022%2F05%2F30%2F90176.jpg&type=ofullfill264_180_gray&expire=2&refresh=true,1
[기고] 스마트하지 않은 데이터 허브 구별법,http://www.datanet.co.kr/news/articleView.html?idxno=173076,https://search.pstatic.net/common/?src=https%3A%2F%2Fimgnews.pstatic.net%2Fimage%2Forigin%2F5096%2F2022%2F05%2F30%2F123622.jpg&type=ofullfill264_180_gray&expire=2&refresh=true,8
아이폰수리 '아이픽스 강남선릉점' 데이터복구 당일 서비스 진행,http://www.ujeil.com/news/articleView.html?idxno=304906,https://search.pstatic.net/common/?src=https%3A%2F%2Fimgnews.pstatic.net%2Fimage%2Forigin%2F5583%2F2022%2F05%2F30%2F103186.jpg&type=ofullfill264_180_gray&expire=2&refresh=true,1
'디지털' 재무장하는 미래에셋그룹...마이데이터도 속속 성과,https://www.ekn.kr/web/view.php?key=20220527010004632,https://search.pstatic.net/common/?src=https%3A%2F%2Fimgnews.pstatic.net%2Fimage%2Forigin%2F5133%2F2022%2F05%2F30%2F521192.jpg&type=ofullfill264_180_gray&expire=2&refresh=true,28
6·1 지방선거 개표방송서도 AI·빅데이터 활약 이어진다,http://www.aitimes.com/news/articleView.html?idxno=144904,https://search.pstatic.net/common/?src=https%3A%2F%2Fimgnews.pstatic.net%2Fimage%2Forigin%2F5746%2F2022%2F05%2F30%2F84733.jpg&type=ofullfill264_180_gray&expire=2&refresh=true,1
[이성엽의 기술법정책] '규제에 발 묶인' 금융 마이데이터 서비스,https://www.hankyung.com/opinion/article/2022052998051,https://search.pstatic.net/common/?src=https%3A%2F%2Fimgnews.pstatic.net%2Fimage%2Forigin%2F015%2F2022%2F05%2F30%2F4705246.jpg&type=ofullfill264_180_gray&expire=2&refresh=true,28
"대구시, 제4회 빅데이터 분석 경진대회 개최",http://www.startuptoday.co.kr/news/articleView.html?idxno=102287,https://search.pstatic.net/common/?src=https%3A%2F%2Fimgnews.pstatic.net%2Fimage%2Forigin%2F5721%2F2022%2F05%2F30%2F47885.jpg&type=ofullfill264_180_gray&expire=2&refresh=true,1
'인공지능·빅데이터 활용한 행정서비스 혁신 정책세미나',http://www.naeil.com/news_view/?id_art=424757, ,4
"히어로웍스, '문화빅데이터 플랫폼' 신규 데이터 센터로 선정",https://www.itbiznews.com/news/articleView.html?idxno=72786,https://search.pstatic.net/common/?src=https%3A%2F%2Fimgnews.pstatic.net%2Fimage%2Forigin%2F5795%2F2022%2F05%2F30%2F19532.jpg&type=ofullfill264_180_gray&expire=2&refresh=true,2
국내 40세 이상 알츠하이머 치매 환자 증가추세…빅데이터 분석 결과,http://medicalworldnews.co.kr/news/view.php?idx=1510949872, ,1
"알파코, 빅데이터분석 전문가 K디지털트레이닝 딥러닝부트캠프 수강생 모집",http://www.seoulwire.com/news/articleView.html?idxno=470811,https://search.pstatic.net/common/?src=https%3A%2F%2Fimgnews.pstatic.net%2Fimage%2Forigin%2F5526%2F2022%2F05%2F30%2F302677.jpg&type=ofullfill264_180_gray&expire=2&refresh=true,26
"화웨이, 차세대 데이터센터 공개··· '간소화·지속 가능성' 강조",https://www.ciokorea.com/news/238244,https://search.pstatic.net/common/?src=https%3A%2F%2Fimgnews.pstatic.net%2Fimage%2Forigin%2F5177%2F2022%2F05%2F30%2F33530.jpg&type=ff264_180&expire=2&refresh=true,27
"청송군, 청송사랑화폐 발행 경제효과 빅데이터로 입증",http://www.cfnews.kr/news.aspx/59767,https://search.pstatic.net/common/?src=https%3A%2F%2Fimgnews.pstatic.net%2Fimage%2Forigin%2F5482%2F2022%2F05%2F30%2F27969.jpg&type=ofullfill264_180_gray&expire=2&refresh=true,1
[코인 빅데이터] '대표 밈 암호화폐' 도지코인(DOGE) vs 시바이누(SHIB) 트렌드,http://coinreaders.com/34707,https://search.pstatic.net/common/?src=https%3A%2F%2Fimgnews.pstatic.net%2Fimage%2Forigin%2F5676%2F2022%2F05%2F30%2F13965.jpg&type=ofullfill264_180_gray&expire=2&refresh=true,1
"인포매티카, 구글·오라클·MS와 제휴··· ""데이터 클라우드 확장""",https://www.ciokorea.com/news/238294,https://search.pstatic.net/common/?src=https%3A%2F%2Fimgnews.pstatic.net%2Fimage%2Forigin%2F5177%2F2022%2F05%2F30%2F33531.jpg&type=ff264_180&expire=2&refresh=true,8
"[소비자민원평가대상-패션플랫폼] 무신사, 축적된 민원 응대 데이터로 빠르게 문제 해결",http://www.consumernews.co.kr/news/articleView.html?idxno=650417,https://search.pstatic.net/common/?src=https%3A%2F%2Fimgnews.pstatic.net%2Fimage%2Forigin%2F5275%2F2022%2F05%2F30%2F57613.jpg&type=ff264_180&expire=2&refresh=true,8
"심평원, 연구 수요 높은 코로나 환자 데이터 개방",http://www.insnews.co.kr/design_php/news_view.php?num=69836&firstsec=1&secondsec=14, ,8
"국민의힘 이상일 용인시장 후보, 죽전 데이터센터 해결에 시민안전 최우선",http://www.cooknchefnews.com/news/view/1065580576161974,https://search.pstatic.net/common/?src=https%3A%2F%2Fimgnews.pstatic.net%2Fimage%2Forigin%2F5639%2F2022%2F05%2F30%2F13215.jpg&type=ofullfill264_180_gray&expire=2&refresh=true,27
"[배종찬의 빅데이터] 지방선거 마지막 변수는 투표율, 윤석열, 그리고 이재명",https://www.dailyimpact.co.kr/news/articleView.html?idxno=80022,https://search.pstatic.net/common/?src=https%3A%2F%2Fimgnews.pstatic.net%2Fimage%2Forigin%2F5670%2F2022%2F05%2F30%2F21842.jpg&type=ofullfill264_180_gray&expire=2&refresh=true,1
[윤재우의 비대면 선거의 제왕 #27] 합리적이고 과학적인 핵심지표 선정과 객관적 기준에 의한 데이터 분석으로 정확성을 높여야,https://www.busaneconomy.com/news/articleView.html?idxno=281145,https://search.pstatic.net/common/?src=https%3A%2F%2Fimgnews.pstatic.net%2Fimage%2Forigin%2F5515%2F2022%2F05%2F30%2F114127.jpg&type=ofullfill264_180_gray&expire=2&refresh=true,2
[#IT라운지] '바로 요금제' 업그레이드·밀리 'IPO'·KT '로밍 얼리버드'·윌라 '다운로드'·U+ '영역 확장'·쿠콘 '데이터'·핑크퐁-KT '베베핀'·신승원 대표 '아시아리더 30인'·HN '지역아,http://www.newsworks.co.kr/news/articleView.html?idxno=599343,https://search.pstatic.net/common/?src=https%3A%2F%2Fimgnews.pstatic.net%2Fimage%2Forigin%2F5525%2F2022%2F05%2F30%2F302741.jpg&type=ff264_180&expire=2&refresh=true,8
디지털 농업 가속화 위한 데이터기반 솔루션 보급‧확산 추진  ,http://www.newsfarm.co.kr/news/articleView.html?idxno=75912,https://search.pstatic.net/common/?src=https%3A%2F%2Fimgnews.pstatic.net%2Fimage%2Forigin%2F5367%2F2022%2F05%2F30%2F61794.jpg&type=ofullfill264_180_gray&expire=2&refresh=true,5
"다이텍연, 섬유소재 데이터 플랫폼 연계 지원기업 모집",http://okfashion.co.kr/detail.php?number=57935&thread=81r46r02,https://search.pstatic.net/common/?src=https%3A%2F%2Fimgnews.pstatic.net%2Fimage%2Forigin%2F5073%2F2022%2F05%2F30%2F27857.jpg&type=ofullfill264_180_gray&expire=2&refresh=true,8
"KT, 이문3 구역 신축 아파트에 AI 기반 청정환기 시스템 구축",https://zdnet.co.kr/view/?no=20220530100538,https://search.pstatic.net/common/?src=https%3A%2F%2Fimgnews.pstatic.net%2Fimage%2Forigin%2F092%2F2022%2F05%2F30%2F2258235.jpg&type=ff264_180&expire=2&refresh=true,0
"기업은행, 고객센터 '상담지원 AI' 서비스 실시",http://www.newsis.com/view/?id=NISX20220530_0001890695&cID=15001&pID=15000,https://search.pstatic.net/common/?src=https%3A%2F%2Fimgnews.pstatic.net%2Fimage%2Forigin%2F003%2F2022%2F05%2F30%2F11218141.jpg&type=ff264_180&expire=2&refresh=true,21
부산시 빅데이터통계과장에 김현선 전 IBM 상무,http://www.public25.com/news/articleView.html?idxno=11058,https://search.pstatic.net/common/?src=https%3A%2F%2Fimgnews.pstatic.net%2Fimage%2Forigin%2F5859%2F2022%2F05%2F30%2F360.jpg&type=ff264_180&expire=2&refresh=true,6
"국방 공공데이터 활용, 창의적 비즈니스 모델 발굴",http://www.koit.co.kr/news/articleView.html?idxno=97778,https://search.pstatic.net/common/?src=https%3A%2F%2Fimgnews.pstatic.net%2Fimage%2Forigin%2F5839%2F2022%2F05%2F30%2F14099.jpg&type=ofullfill264_180_gray&expire=2&refresh=true,4
"쿠콘, 현대차증권 마이데이터 서비스에 차량·부동산데이터 제공",http://www.seoulfn.com/news/articleView.html?idxno=456880,https://search.pstatic.net/common/?src=https%3A%2F%2Fimgnews.pstatic.net%2Fimage%2Forigin%2F5001%2F2022%2F05%2F30%2F381418.jpg&type=ofullfill264_180_gray&expire=2&refresh=true,28
"[유통 이슈] 셀렉트스타, 인공지능 데이터셋 지원사업 9개팀과 시작 알려 外",http://www.lawissue.co.kr/view.php?ud=202205301436232926204ead0791_12, ,1
"과학기술정보통신부, ‘데이터 청년 캠퍼스’ 교육생 모집",http://www.segyebiz.com/newsView/20220530513093?OutUrl=naver,https://search.pstatic.net/common/?src=https%3A%2F%2Fimgnews.pstatic.net%2Fimage%2Forigin%2F5653%2F2022%2F05%2F30%2F61159.jpg&type=ofullfill264_180_gray&expire=2&refresh=true,8
"셀렉트스타, 인공지능 데이터셋 지원사업 9개팀 선정… 8억원 규모 민간 바우처 지원",http://www.gvalley.co.kr/news/articleView.html?idxno=604010,https://search.pstatic.net/common/?src=https%3A%2F%2Fimgnews.pstatic.net%2Fimage%2Forigin%2F5206%2F2022%2F05%2F30%2F78934.jpg&type=ofullfill264_180_gray&expire=2&refresh=true,1
"효성인포메이션시스템, 루마다 데이터옵스 포트폴리오 업그레이드",http://www.epnc.co.kr/news/articleView.html?idxno=223796,https://search.pstatic.net/common/?src=https%3A%2F%2Fimgnews.pstatic.net%2Fimage%2Forigin%2F5752%2F2022%2F05%2F30%2F40192.jpg&type=ofullfill264_180_gray&expire=2&refresh=true,1
"중구, 공공데이터 제공 운영실태 우수기관 선정",http://www.shinailbo.co.kr/news/articleView.html?idxno=1557741, ,2
"제1회 빅데이터AI포럼 개최 ""빅데이터와 AI로 글로벌 경쟁력 강화""",http://mbn.mk.co.kr/pages/news/newsView.php?category=mbn00003&news_seq_no=4773063, ,1
"가이온, 2022년 데이터바우처 지원사업에 AI 및 빅데이터 기술 지원",https://www.dailysecu.com/news/articleView.html?idxno=137115, ,1
"화웨이, 차세대 데이터센터 시설 공개…새 전력 시스템 POD 3.0도 공개",https://www.itworld.co.kr/news/238239, ,27
"구미시, 표준데이터 구축·개방 추진",https://www.idaegu.co.kr/news/articleView.html?idxno=383878, ,5
데이터 기반 행정으로 '똑똑한 김포시' 구현,https://www.onews.tv/news/articleView.html?idxno=126982,https://search.pstatic.net/common/?src=https%3A%2F%2Fimgnews.pstatic.net%2Fimage%2Forigin%2F5818%2F2022%2F05%2F30%2F90625.jpg&type=ofullfill264_180_gray&expire=2&refresh=true,8
"통신 상장기업 브랜드평판 5월 빅데이터 분석결과...1위 KT, 2위 SK텔레콤, 3위 LG유플러스",http://www.wsobi.com/news/articleView.html?idxno=163526,https://search.pstatic.net/common/?src=https%3A%2F%2Fimgnews.pstatic.net%2Fimage%2Forigin%2F5493%2F2022%2F05%2F30%2F55533.jpg&type=ofullfill264_180_gray&expire=2&refresh=true,13
"KT, 이문3구역에 'AI 청정환기 시스템' 구축…""미세먼지 99.9% 줄여""",http://www.newsis.com/view/?id=NISX20220530_0001890090&cID=13004&pID=13100,https://search.pstatic.net/common/?src=https%3A%2F%2Fimgnews.pstatic.net%2Fimage%2Forigin%2F003%2F2022%2F05%2F30%2F11217082.jpg&type=ff264_180&expire=2&refresh=true,0
AI 하드웨어·소프트웨어 대표 스타트업 손 잡았다,http://news.mk.co.kr/newsRead.php?no=475538&year=2022,https://search.pstatic.net/common/?src=https%3A%2F%2Fimgnews.pstatic.net%2Fimage%2Forigin%2F009%2F2022%2F05%2F30%2F4970852.jpg&type=ff264_180&expire=2&refresh=true,15
'K-스마트등대공장'에 제이브이엠 등 11개 기업 선정,https://www.yna.co.kr/view/AKR20220530025000003?input=1195m,https://search.pstatic.net/common/?src=https%3A%2F%2Fimgnews.pstatic.net%2Fimage%2Forigin%2F001%2F2022%2F05%2F30%2F13214000.jpg&type=ff264_180&expire=2&refresh=true,25
"""미세먼지 막아라""…KT, 이문3구역에 AI 청정 환기 시스템 구축",https://www.news1.kr/articles/?4696408,https://search.pstatic.net/common/?src=https%3A%2F%2Fimgnews.pstatic.net%2Fimage%2Forigin%2F421%2F2022%2F05%2F30%2F6126911.jpg&type=ff264_180&expire=2&refresh=true,0
"에릭슨엘지, 韓 이음5G 잇는 ‘EP5G’ 공개…”1시간만에 뚝딱” [IT돋보기]",http://www.inews24.com/view/1485344,https://search.pstatic.net/common/?src=https%3A%2F%2Fimgnews.pstatic.net%2Fimage%2Forigin%2F031%2F2022%2F05%2F30%2F675654.jpg&type=ff264_180&expire=2&refresh=true,20
"업스테이지-퓨리오사AI, 국대급 AI 스타트업 맞손…""AI칩에 AI팩 심는다""",http://www.newsis.com/view/?id=NISX20220530_0001890072&cID=13005&pID=13100,https://search.pstatic.net/common/?src=https%3A%2F%2Fimgnews.pstatic.net%2Fimage%2Forigin%2F003%2F2022%2F05%2F30%2F11217080.jpg&type=ff264_180&expire=2&refresh=true,19
"기업銀, 상담지원 AI 서비스 선봬",http://www.etnews.com/20220530000248,https://search.pstatic.net/common/?src=https%3A%2F%2Fimgnews.pstatic.net%2Fimage%2Forigin%2F030%2F2022%2F05%2F30%2F3020329.jpg&type=ff264_180&expire=2&refresh=true,21
이문3구역 새 아파트… `KT AI`로 청정 환기,http://www.dt.co.kr/contents.html?article_no=2022053002109931029003&ref=naver,https://search.pstatic.net/common/?src=https%3A%2F%2Fimgnews.pstatic.net%2Fimage%2Forigin%2F029%2F2022%2F05%2F30%2F2736780.jpg&type=ff264_180&expire=2&refresh=true,0
"과기부, 디지털 트윈 실증 사업 착수…풍력발전기 통합 관리 등",https://www.yna.co.kr/view/AKR20220530040800017?input=1195m,https://search.pstatic.net/common/?src=https%3A%2F%2Fimgnews.pstatic.net%2Fimage%2Forigin%2F001%2F2022%2F05%2F30%2F13213997.jpg&type=ff264_180&expire=2&refresh=true,17
"“중·장년 1인 가구 돌보는 AI”…네이버, ‘클로바 케어콜’ 정식 출시",http://www.newsis.com/view/?id=NISX20220530_0001890027&cID=10406&pID=13100,https://search.pstatic.net/common/?src=https%3A%2F%2Fimgnews.pstatic.net%2Fimage%2Forigin%2F003%2F2022%2F05%2F30%2F11217040.jpg&type=ff264_180&expire=2&refresh=true,9
"KT, 이문3구역에 AI 청정환기 시스템 구축",http://www.etnews.com/20220530000173,https://search.pstatic.net/common/?src=https%3A%2F%2Fimgnews.pstatic.net%2Fimage%2Forigin%2F030%2F2022%2F05%2F30%2F3020246.jpg&type=ff264_180&expire=2&refresh=true,0
[기고] AI 기본 이해하기,https://zdnet.co.kr/view/?no=20220530181623,https://search.pstatic.net/common/?src=https%3A%2F%2Fimgnews.pstatic.net%2Fimage%2Forigin%2F092%2F2022%2F05%2F30%2F2258320.jpg&type=ff264_180&expire=2&refresh=true,15
"IBK기업은행, 고객센터 '상담지원 AI' 서비스 실시",https://view.asiae.co.kr/article/2022053014215246784,https://search.pstatic.net/common/?src=https%3A%2F%2Fimgnews.pstatic.net%2Fimage%2Forigin%2F277%2F2022%2F05%2F30%2F5096399.jpg&type=ff264_180&expire=2&refresh=true,21
"IBK기업은행, 고객센터서 ‘상담지원AI’ 서비스 실시",https://www.sedaily.com/NewsView/266664CDA1,https://search.pstatic.net/common/?src=https%3A%2F%2Fimgnews.pstatic.net%2Fimage%2Forigin%2F011%2F2022%2F05%2F30%2F4059682.jpg&type=ff264_180&expire=2&refresh=true,21
"“디지털 전환 손쉽게”…NHN클라우드, 협업툴 두레이 웨비나 개최",http://www.newsis.com/view/?id=NISX20220530_0001890128&cID=10406&pID=13100,https://search.pstatic.net/common/?src=https%3A%2F%2Fimgnews.pstatic.net%2Fimage%2Forigin%2F003%2F2022%2F05%2F30%2F11217343.jpg&type=ff264_180&expire=2&refresh=true,24
코로나 시들해지자 배달 플랫폼 이용 급감,https://www.seoul.co.kr/news/newsView.php?id=20220531019010&wlog_tag3=naver,https://search.pstatic.net/common/?src=https%3A%2F%2Fimgnews.pstatic.net%2Fimage%2Forigin%2F081%2F2022%2F05%2F30%2F3276719.jpg&type=ff264_180&expire=2&refresh=true,9
'AI팩' 장착한 '워보이'…AI 대표 스타트업 '업스테이지-퓨리오사' 뭉쳤다,https://www.news1.kr/articles/?4696093,https://search.pstatic.net/common/?src=https%3A%2F%2Fimgnews.pstatic.net%2Fimage%2Forigin%2F421%2F2022%2F05%2F30%2F6126076.jpg&type=ff264_180&expire=2&refresh=true,19
"중기부, '한국형 스마트 등대공장' 11개사 선정…""3년간 12억원 지원""",https://www.news1.kr/articles/?4696341,https://search.pstatic.net/common/?src=https%3A%2F%2Fimgnews.pstatic.net%2Fimage%2Forigin%2F421%2F2022%2F05%2F30%2F6126999.jpg&type=ff264_180&expire=2&refresh=true,7
네이버클라우드 '워크플레이스'…업무 포털 플랫폼으로 개편,https://www.news1.kr/articles/?4696930,https://search.pstatic.net/common/?src=https%3A%2F%2Fimgnews.pstatic.net%2Fimage%2Forigin%2F421%2F2022%2F05%2F30%2F6127743.jpg&type=ff264_180&expire=2&refresh=true,23
"IBK기업은행, 고객센터에 '상담지원 AI' 서비스",http://www.newspim.com/news/view/20220530000958,https://search.pstatic.net/common/?src=https%3A%2F%2Fimgnews.pstatic.net%2Fimage%2Forigin%2F5002%2F2022%2F05%2F30%2F2101885.jpg&type=ff264_180&expire=2&refresh=true,21
올해 `디지털 트윈` 3개 실증사업 지원,http://www.dt.co.kr/contents.html?article_no=2022053102101331650001&ref=naver,https://search.pstatic.net/common/?src=https%3A%2F%2Fimgnews.pstatic.net%2Fimage%2Forigin%2F029%2F2022%2F05%2F30%2F2736899.jpg&type=ff264_180&expire=2&refresh=true,17
"행안부, 디지털플랫폼정부 성공적 추진방안 논의",http://www.fnnews.com/news/202205301048361197,https://search.pstatic.net/common/?src=https%3A%2F%2Fimgnews.pstatic.net%2Fimage%2Forigin%2F014%2F2022%2F05%2F30%2F4844080.jpg&type=ff264_180&expire=2&refresh=true,22
"퓨리오사AI, 업스테이지와 '광학문자판독' 솔루션 개발한다",http://www.etnews.com/20220530000110,https://search.pstatic.net/common/?src=https%3A%2F%2Fimgnews.pstatic.net%2Fimage%2Forigin%2F030%2F2022%2F05%2F30%2F3020196.jpg&type=ff264_180&expire=2&refresh=true,19
"가톨릭대, 바이오메디컬소프트웨어·IT파이낸스학과 신설",https://www.news1.kr/articles/?4697345,https://search.pstatic.net/common/?src=https%3A%2F%2Fimgnews.pstatic.net%2Fimage%2Forigin%2F421%2F2022%2F05%2F30%2F6128363.jpg&type=ff264_180&expire=2&refresh=true,1
"중기부, K-스마트등대공장 11개사 선정…최대 12억 지원",https://view.asiae.co.kr/article/2022053009132867862,https://search.pstatic.net/common/?src=https%3A%2F%2Fimgnews.pstatic.net%2Fimage%2Forigin%2F277%2F2022%2F05%2F30%2F5096333.jpg&type=ff264_180&expire=2&refresh=true,7
"KT, 이문3구역 신축 아파트에 'AI 청정환기 시스템' 구축",http://www.newspim.com/news/view/20220530000268,https://search.pstatic.net/common/?src=https%3A%2F%2Fimgnews.pstatic.net%2Fimage%2Forigin%2F5002%2F2022%2F05%2F30%2F2101232.jpg&type=ff264_180&expire=2&refresh=true,0
"KT, 이문3구역 4300세대 AI 환기 시스템 구축",https://www.dnews.co.kr/uhtml/view.jsp?idxno=202205301644240930425,https://search.pstatic.net/common/?src=https%3A%2F%2Fimgnews.pstatic.net%2Fimage%2Forigin%2F5138%2F2022%2F05%2F30%2F375561.jpg&type=ff264_180&expire=2&refresh=true,0
'디지털플랫폼정부' 머리 맞댄다…지능정보화책임관 협의회 개최,https://www.news1.kr/articles/?4696278,https://search.pstatic.net/common/?src=https%3A%2F%2Fimgnews.pstatic.net%2Fimage%2Forigin%2F421%2F2022%2F05%2F30%2F6126997.jpg&type=ff264_180&expire=2&refresh=true,22
"원티드랩, 상장 후 첫 투자는 디지털 일정 예약 솔루션에",http://www.fnnews.com/news/202205301159336140,https://search.pstatic.net/common/?src=https%3A%2F%2Fimgnews.pstatic.net%2Fimage%2Forigin%2F014%2F2022%2F05%2F30%2F4844089.jpg&type=ff264_180&expire=2&refresh=true,12
"서울시여성가족재단, '디지털 기술 분야' 경력 전환 돕는다",https://www.news1.kr/articles/?4695754,https://search.pstatic.net/common/?src=https%3A%2F%2Fimgnews.pstatic.net%2Fimage%2Forigin%2F421%2F2022%2F05%2F30%2F6125921.jpg&type=ff264_180&expire=2&refresh=true,24
"65세이상 안전 운전 돕는다... 日 혼다, 사고방지 AI 개발 나서",https://www.chosun.com/economy/int_economy/2022/05/30/O4FDDNQ6GFDSLL5MBJXJL5YZ44/?utm_source=naver&utm_medium=referral&utm_campaign=naver-news,https://search.pstatic.net/common/?src=https%3A%2F%2Fimgnews.pstatic.net%2Fimage%2Forigin%2F023%2F2022%2F05%2F30%2F3694516.jpg&type=ff264_180&expire=2&refresh=true,15
"베스핀글로벌, 엔터플과 데브 OS 플랫폼 개발 맞손",http://it.chosun.com/site/data/html_dir/2022/05/30/2022053001064.html,https://search.pstatic.net/common/?src=https%3A%2F%2Fimgnews.pstatic.net%2Fimage%2Forigin%2F5242%2F2022%2F05%2F30%2F162075.jpg&type=ff264_180&expire=2&refresh=true,9
"기업은행, ‘상담지원 AI 서비스’ 실시",https://www.ekn.kr/web/view.php?key=20220530010004974,https://search.pstatic.net/common/?src=https%3A%2F%2Fimgnews.pstatic.net%2Fimage%2Forigin%2F5133%2F2022%2F05%2F30%2F521353.jpg&type=ofullfill264_180_gray&expire=2&refresh=true,21
"과기정통부, 디지털 트윈 실증 사업 나선다",https://www.asiatoday.co.kr/view.php?key=20220530010017586,https://search.pstatic.net/common/?src=https%3A%2F%2Fimgnews.pstatic.net%2Fimage%2Forigin%2F5268%2F2022%2F05%2F30%2F1648386.jpg&type=ff264_180&expire=2&refresh=true,17
"이문3구역, KT AI 청정환기 시스템 가동",http://www.econovill.com/news/articleView.html?idxno=577294,https://search.pstatic.net/common/?src=https%3A%2F%2Fimgnews.pstatic.net%2Fimage%2Forigin%2F5097%2F2022%2F05%2F30%2F290897.jpg&type=ofullfill264_180_gray&expire=2&refresh=true,0
"IBK기업銀, '상담지원 AI' 서비스 시행",http://www.hg-times.com/news/articleView.html?idxno=241773,https://search.pstatic.net/common/?src=https%3A%2F%2Fimgnews.pstatic.net%2Fimage%2Forigin%2F5290%2F2022%2F05%2F30%2F159109.jpg&type=ofullfill264_180_gray&expire=2&refresh=true,21
"고용부, 하반기 'K-디지털 기초역량훈련' 내일부터 공모",http://www.newsis.com/view/?id=NISX20220530_0001890194&cID=10201&pID=10200,https://search.pstatic.net/common/?src=https%3A%2F%2Fimgnews.pstatic.net%2Fimage%2Forigin%2F003%2F2022%2F05%2F30%2F11217717.jpg&type=ff264_180&expire=2&refresh=true,12
"업스테이지 'AI팩', 워보이에 들어간다…퓨리오사AI와 '맞손'",https://www.dailian.co.kr/news/view/1118392/?sc=Naver,https://search.pstatic.net/common/?src=https%3A%2F%2Fimgnews.pstatic.net%2Fimage%2Forigin%2F119%2F2022%2F05%2F30%2F2608187.jpg&type=ff264_180&expire=2&refresh=true,19
"과기정통부, '디지털 트윈' 실증사업 착수…15개 과제 260억원 투입",http://www.inews24.com/view/1485240,https://search.pstatic.net/common/?src=https%3A%2F%2Fimgnews.pstatic.net%2Fimage%2Forigin%2F031%2F2022%2F05%2F30%2F675621.jpg&type=ff264_180&expire=2&refresh=true,17
"기업은행, '상담지원 AI' 도입... ""고객통화 실시간 분석·콘텐츠 제공""",https://www.ajunews.com/view/20220530154055443,https://search.pstatic.net/common/?src=https%3A%2F%2Fimgnews.pstatic.net%2Fimage%2Forigin%2F5090%2F2022%2F05%2F30%2F2141783.jpg&type=ofullfill264_180_gray&expire=2&refresh=true,3
"일본 혼다, ‘운전자 몸상태’ AI로 감지해 사고 예방",https://www.hani.co.kr/arti/international/japan/1044949.html,https://search.pstatic.net/common/?src=https%3A%2F%2Fimgnews.pstatic.net%2Fimage%2Forigin%2F028%2F2022%2F05%2F30%2F2592650.jpg&type=ff264_180&expire=2&refresh=true,15
"SKT, MEC 기반 가상화 플랫폼서 지상파 송출 성공",https://sports.donga.com/article/all/20220530/113684691/4,https://search.pstatic.net/common/?src=https%3A%2F%2Fimgnews.pstatic.net%2Fimage%2Forigin%2F382%2F2022%2F05%2F30%2F983095.jpg&type=ff264_180&expire=2&refresh=true,9
“차별화된 AI클라우드로 아마존과 경쟁하겠다”,https://www.chosun.com/economy/tech_it/2022/05/30/O7GCYLMLTVEIJMUOIPGGE2X5IY/?utm_source=naver&utm_medium=referral&utm_campaign=naver-news,https://search.pstatic.net/common/?src=https%3A%2F%2Fimgnews.pstatic.net%2Fimage%2Forigin%2F023%2F2022%2F05%2F30%2F3694503.jpg&type=ff264_180&expire=2&refresh=true,1
"업스테이지-퓨리오사AI, AI 생태계 확장 위해 맞손",https://www.ddaily.co.kr/news/article.html?no=238790,https://search.pstatic.net/common/?src=https%3A%2F%2Fimgnews.pstatic.net%2Fimage%2Forigin%2F138%2F2022%2F05%2F30%2F2125610.jpg&type=ff264_180&expire=2&refresh=true,19
"대졸자도, 비전공자도 AI 인재로…현장 통합 실습이 비결",https://www.nocutnews.co.kr/news/5764078,https://search.pstatic.net/common/?src=https%3A%2F%2Fimgnews.pstatic.net%2Fimage%2Forigin%2F079%2F2022%2F05%2F30%2F3648580.jpg&type=ff264_180&expire=2&refresh=true,15
"IBK기업은행, ʻ상담지원 AIʼ 서비스 시행",http://www.thefirstmedia.net/news/articleView.html?idxno=94926,https://search.pstatic.net/common/?src=https%3A%2F%2Fimgnews.pstatic.net%2Fimage%2Forigin%2F5560%2F2022%2F05%2F30%2F51908.jpg&type=ofullfill264_180_gray&expire=2&refresh=true,21
"경북농기원, 디지털 산약재배시스템 개발 착수",http://www.etnews.com/20220530000002,https://search.pstatic.net/common/?src=https%3A%2F%2Fimgnews.pstatic.net%2Fimage%2Forigin%2F030%2F2022%2F05%2F30%2F3020088.jpg&type=ff264_180&expire=2&refresh=true,14
"IBM, 인공위성에 하이브리드 클라우드‧AI 기술 탑재",http://www.inews24.com/view/1485214,https://search.pstatic.net/common/?src=https%3A%2F%2Fimgnews.pstatic.net%2Fimage%2Forigin%2F031%2F2022%2F05%2F30%2F675551.jpg&type=ff264_180&expire=2&refresh=true,6
"이노그리드, 스마트건설기술개발 유공 표창 ‘쾌거’",http://www.sportsworldi.com/newsView/20220530521569,https://search.pstatic.net/common/?src=https%3A%2F%2Fimgnews.pstatic.net%2Fimage%2Forigin%2F396%2F2022%2F05%2F30%2F614618.jpg&type=ff264_180&expire=2&refresh=true,1
"IBK기업은행, 고객센터에서 상담지원 AI 서비스 선봬",http://www.babytimes.co.kr/news/articleView.html?idxno=57828,https://search.pstatic.net/common/?src=https%3A%2F%2Fimgnews.pstatic.net%2Fimage%2Forigin%2F5631%2F2022%2F05%2F30%2F30982.jpg&type=ofullfill264_180_gray&expire=2&refresh=true,21
"중앙-지자체, 디지털플랫폼정부 추진 위한 지능정보화책임관 협의회 개최",http://www.etnews.com/20220530000161,https://search.pstatic.net/common/?src=https%3A%2F%2Fimgnews.pstatic.net%2Fimage%2Forigin%2F030%2F2022%2F05%2F30%2F3020233.jpg&type=ff264_180&expire=2&refresh=true,22
"기업은행, 고객센터서 '상담지원 AI' 서비스",http://www.smedaily.co.kr/news/articleView.html?idxno=231730,https://search.pstatic.net/common/?src=https%3A%2F%2Fimgnews.pstatic.net%2Fimage%2Forigin%2F5296%2F2022%2F05%2F30%2F82337.jpg&type=ofullfill264_180_gray&expire=2&refresh=true,21
"기업은행, '상담지원 AI' 도입…""고객센터 상담시간 20초 단축""",http://www.psnews.co.kr/news/articleView.html?idxno=2009367,https://search.pstatic.net/common/?src=https%3A%2F%2Fimgnews.pstatic.net%2Fimage%2Forigin%2F5669%2F2022%2F05%2F30%2F43100.jpg&type=ofullfill264_180_gray&expire=2&refresh=true,3
"한국미스미, 플래티어 AI 마케팅 솔루션 '그루비' 적용",https://zdnet.co.kr/view/?no=20220530103502,https://search.pstatic.net/common/?src=https%3A%2F%2Fimgnews.pstatic.net%2Fimage%2Forigin%2F092%2F2022%2F05%2F30%2F2258241.jpg&type=ff264_180&expire=2&refresh=true,10
"경북농기원, 디지털 마 재배 시스템 개발 착수",http://daily.hankooki.com/news/articleView.html?idxno=830025,https://search.pstatic.net/common/?src=https%3A%2F%2Fimgnews.pstatic.net%2Fimage%2Forigin%2F5358%2F2022%2F05%2F30%2F415473.jpg&type=ofullfill264_180_gray&expire=2&refresh=true,14
"펜타시스템, 'AMX' 자율주행 운영/관제 플랫폼 진출",https://zdnet.co.kr/view/?no=20220530150844,https://search.pstatic.net/common/?src=https%3A%2F%2Fimgnews.pstatic.net%2Fimage%2Forigin%2F092%2F2022%2F05%2F30%2F2258289.jpg&type=ff264_180&expire=2&refresh=true,25
"기업은행, 상담지원 AI 서비스 선봬",http://www.pinpointnews.co.kr/news/articleView.html?idxno=119640,https://search.pstatic.net/common/?src=https%3A%2F%2Fimgnews.pstatic.net%2Fimage%2Forigin%2F5829%2F2022%2F05%2F30%2F114771.jpg&type=ofullfill264_180_gray&expire=2&refresh=true,21
"도매꾹, 소상공인 디지털 진출 돕는다",http://www.fnnews.com/news/202205301338406441,https://search.pstatic.net/common/?src=https%3A%2F%2Fimgnews.pstatic.net%2Fimage%2Forigin%2F014%2F2022%2F05%2F30%2F4844127.jpg&type=ff264_180&expire=2&refresh=true,12
"""AI가 운전자 인지능력 확인""…日 혼다, 2030년 상용화",http://www.etnews.com/20220530000116,https://search.pstatic.net/common/?src=https%3A%2F%2Fimgnews.pstatic.net%2Fimage%2Forigin%2F030%2F2022%2F05%2F30%2F3020201.jpg&type=ff264_180&expire=2&refresh=true,15
"IBM, 인공위성에 하이브리드 클라우드·AI 기술 적용",http://www.datanet.co.kr/news/articleView.html?idxno=173057,https://search.pstatic.net/common/?src=https%3A%2F%2Fimgnews.pstatic.net%2Fimage%2Forigin%2F5096%2F2022%2F05%2F30%2F123607.jpg&type=ofullfill264_180_gray&expire=2&refresh=true,6
"경북도, 디지털 마(산약) 재배 시스템 개발 착수",https://www.asiatoday.co.kr/view.php?key=20220530010017163,https://search.pstatic.net/common/?src=https%3A%2F%2Fimgnews.pstatic.net%2Fimage%2Forigin%2F5268%2F2022%2F05%2F30%2F1648053.jpg&type=ofullfill264_180_gray&expire=2&refresh=true,14
"세탁기 브랜드평판 5월 빅데이터 분석결과...1위 삼성전자 세탁기, 2위 LG전자 세탁기, 3위 위니아 세탁기",http://www.wsobi.com/news/articleView.html?idxno=163529,https://search.pstatic.net/common/?src=https%3A%2F%2Fimgnews.pstatic.net%2Fimage%2Forigin%2F5493%2F2022%2F05%2F30%2F55529.jpg&type=ofullfill264_180_gray&expire=2&refresh=true,13
"네이버클라우드 '워크플레이스', 스마트워크 지원하는 업무 포털로 진화",http://www.datanet.co.kr/news/articleView.html?idxno=173070,https://search.pstatic.net/common/?src=https%3A%2F%2Fimgnews.pstatic.net%2Fimage%2Forigin%2F5096%2F2022%2F05%2F30%2F123619.jpg&type=ofullfill264_180_gray&expire=2&refresh=true,23
"""코로나19 신속대응 비결은 mRNA 백신 플랫폼""",http://www.docdocdoc.co.kr/news/articleView.html?idxno=2023533,https://search.pstatic.net/common/?src=https%3A%2F%2Fimgnews.pstatic.net%2Fimage%2Forigin%2F5229%2F2022%2F05%2F30%2F84248.jpg&type=ofullfill264_180_gray&expire=2&refresh=true,9
"기업 AI 시장 함께 공략하는 업스테이지-퓨리오사...""SW·HW 결합한 통합 솔루션 나온다""",https://www.ajunews.com/view/20220530080224900,https://search.pstatic.net/common/?src=https%3A%2F%2Fimgnews.pstatic.net%2Fimage%2Forigin%2F5090%2F2022%2F05%2F30%2F2141520.jpg&type=ofullfill264_180_gray&expire=2&refresh=true,25
코딩 기초부터 메타버스까지…K-디지털 기초역량 훈련과정 공모,http://www.edaily.co.kr/news/newspath.asp?newsid=02391126632334168,https://search.pstatic.net/common/?src=https%3A%2F%2Fimgnews.pstatic.net%2Fimage%2Forigin%2F018%2F2022%2F05%2F30%2F5229203.jpg&type=ff264_180&expire=2&refresh=true,12
"KT, 동대문구 이문3구역 신축 예정 아파트에 'AI 청정환기 시스템' 구축",http://www.techholic.co.kr/news/articleView.html?idxno=203845,https://search.pstatic.net/common/?src=https%3A%2F%2Fimgnews.pstatic.net%2Fimage%2Forigin%2F5404%2F2022%2F05%2F30%2F37580.jpg&type=ff264_180&expire=2&refresh=true,0
"[Daily Pick 금융] BC카드, KDB생명, DB손보, 핀다 外",https://www.ngetnews.com/news/articleView.html?idxno=408351,https://search.pstatic.net/common/?src=https%3A%2F%2Fimgnews.pstatic.net%2Fimage%2Forigin%2F5824%2F2022%2F05%2F30%2F12496.jpg&type=ofullfill264_180_gray&expire=2&refresh=true,1
"엔듀로샛 위성, IBM 클라우드와 AI 기술 탑재",http://www.nextdaily.co.kr/news/articleView.html?idxno=206466,https://search.pstatic.net/common/?src=https%3A%2F%2Fimgnews.pstatic.net%2Fimage%2Forigin%2F5141%2F2022%2F05%2F30%2F135804.jpg&type=ff264_180&expire=2&refresh=true,6
"베스핀글로벌·엔터플, '데브 OS' 플랫폼 공동 개발·사업 맞손",http://www.datanet.co.kr/news/articleView.html?idxno=173049,https://search.pstatic.net/common/?src=https%3A%2F%2Fimgnews.pstatic.net%2Fimage%2Forigin%2F5096%2F2022%2F05%2F30%2F123599.jpg&type=ofullfill264_180_gray&expire=2&refresh=true,9
"중앙-지자체, 디지털플랫폼정부 성공적 추진방안 논의",http://www.newspim.com/news/view/20220530000596,https://search.pstatic.net/common/?src=https%3A%2F%2Fimgnews.pstatic.net%2Fimage%2Forigin%2F5002%2F2022%2F05%2F30%2F2101581.jpg&type=ff264_180&expire=2&refresh=true,22
"네이버, 초거대 AI 적용 돌봄 서비스 '클로바 케어콜' 정식 출시",http://www.aitimes.com/news/articleView.html?idxno=144895,https://search.pstatic.net/common/?src=https%3A%2F%2Fimgnews.pstatic.net%2Fimage%2Forigin%2F5746%2F2022%2F05%2F30%2F84739.jpg&type=ofullfill264_180_gray&expire=2&refresh=true,9
"퓨리오사AI, 업스테이지와 OCR 분야 통합솔루션 개발·영업 협력 MOU",http://www.itdaily.kr/news/articleView.html?idxno=208325,https://search.pstatic.net/common/?src=https%3A%2F%2Fimgnews.pstatic.net%2Fimage%2Forigin%2F5046%2F2022%2F05%2F30%2F91672.jpg&type=ofullfill264_180_gray&expire=2&refresh=true,19
"횡성군, ‘지역거점 스마트시티’ 조성 협약",https://news.kbs.co.kr/news/view.do?ncd=5474824&ref=A,https://search.pstatic.net/common/?src=https%3A%2F%2Fimgnews.pstatic.net%2Fimage%2Forigin%2F056%2F2022%2F05%2F30%2F11275377.jpg&type=ff264_180&expire=2&refresh=true,16
"기업은행, 상담 콘텐츠 자동 제공… '상담직원 AI' 서비스",http://www.pressm.kr/news/articleView.html?idxno=59134,https://search.pstatic.net/common/?src=https%3A%2F%2Fimgnews.pstatic.net%2Fimage%2Forigin%2F5681%2F2022%2F05%2F30%2F31577.jpg&type=ff264_180&expire=2&refresh=true,3
"엑스포럼, '스마트시티 아시아 2022' 성료",http://www.enewstoday.co.kr/news/articleView.html?idxno=1573334,https://search.pstatic.net/common/?src=https%3A%2F%2Fimgnews.pstatic.net%2Fimage%2Forigin%2F5038%2F2022%2F05%2F30%2F727217.jpg&type=ofullfill264_180_gray&expire=2&refresh=true,16
"중기부, ㈜동진쎄미켐 등 K-스마트등대공장 사업 대상 11개 기업 선정",http://www.incheonilbo.com/news/articleView.html?idxno=1146724,https://search.pstatic.net/common/?src=https%3A%2F%2Fimgnews.pstatic.net%2Fimage%2Forigin%2F5193%2F2022%2F05%2F30%2F464356.jpg&type=ofullfill264_180_gray&expire=2&refresh=true,25
[시론] 핀테크 파워 업 (Power Up),https://view.asiae.co.kr/article/2022052709305983777,https://search.pstatic.net/common/?src=https%3A%2F%2Fimgnews.pstatic.net%2Fimage%2Forigin%2F277%2F2022%2F05%2F30%2F5096395.jpg&type=ofullfill264_180_gray&expire=2&refresh=true,1
"기업은행, 고객센터 '상담지원 AI' 서비스 실시...신속·정확한 고객 상담 제공",http://www.autodaily.co.kr/news/articleView.html?idxno=434312,https://search.pstatic.net/common/?src=https%3A%2F%2Fimgnews.pstatic.net%2Fimage%2Forigin%2F5598%2F2022%2F05%2F30%2F24915.jpg&type=ofullfill264_180_gray&expire=2&refresh=true,21
9월 광주서 'AI TECH+' 전시회,https://www.sedaily.com/NewsView/26665BV6FN,https://search.pstatic.net/common/?src=https%3A%2F%2Fimgnews.pstatic.net%2Fimage%2Forigin%2F011%2F2022%2F05%2F30%2F4059599.jpg&type=ff264_180&expire=2&refresh=true,15
"IBM, '팰컨9' 로켓에 하이브리드 클라우드 및 AI 기술 탑재",http://www.itdaily.kr/news/articleView.html?idxno=208323,https://search.pstatic.net/common/?src=https%3A%2F%2Fimgnews.pstatic.net%2Fimage%2Forigin%2F5046%2F2022%2F05%2F30%2F91667.jpg&type=ofullfill264_180_gray&expire=2&refresh=true,6
"모더나 ""'mRNA 플랫폼 활용' 독감 예방 백신 개발 진행""",https://mdtoday.co.kr/news/view/1065581242912111,https://search.pstatic.net/common/?src=https%3A%2F%2Fimgnews.pstatic.net%2Fimage%2Forigin%2F5269%2F2022%2F05%2F30%2F212880.jpg&type=ff264_180&expire=2&refresh=true,4
"IBK 기업은행, 상담에 AI 분석 도입…소요 시간 단축",http://www.thekpm.com/news/articleView.html?idxno=121674,https://search.pstatic.net/common/?src=https%3A%2F%2Fimgnews.pstatic.net%2Fimage%2Forigin%2F5679%2F2022%2F05%2F30%2F106727.jpg&type=ofullfill264_180_gray&expire=2&refresh=true,3
"브레이브리지, 노르딕 nRF9160 SiP 이용해 IoT 플랫폼 개발",http://www.datanet.co.kr/news/articleView.html?idxno=173085,https://search.pstatic.net/common/?src=https%3A%2F%2Fimgnews.pstatic.net%2Fimage%2Forigin%2F5096%2F2022%2F05%2F30%2F123630.jpg&type=ofullfill264_180_gray&expire=2&refresh=true,9
"IBM, 인공위성에 하이브리드 클라우드 및 AI 기술 탑재... 우주 공략 본격화",http://www.boannews.com/media/view.asp?idx=107143&kind=,https://search.pstatic.net/common/?src=https%3A%2F%2Fimgnews.pstatic.net%2Fimage%2Forigin%2F5016%2F2022%2F05%2F30%2F98766.jpg&type=ofullfill264_180_gray&expire=2&refresh=true,6
"IBK기업은행, ‘상담지원AI’ 서비스 실시…고객 상담시간 감소 효과",https://www.news2day.co.kr/article/20220530500176,https://search.pstatic.net/common/?src=https%3A%2F%2Fimgnews.pstatic.net%2Fimage%2Forigin%2F5527%2F2022%2F05%2F30%2F114499.jpg&type=ofullfill264_180_gray&expire=2&refresh=true,21
"중기부, '케이(K) 스마트등대공장' 최종 11개사 선정",https://www.asiatoday.co.kr/view.php?key=20220530010017144, ,7
"과기정통부, 올해 '디지털 트윈' 실증 사업에 260억원 투입",https://www.ddaily.co.kr/news/article.html?no=238833,https://search.pstatic.net/common/?src=https%3A%2F%2Fimgnews.pstatic.net%2Fimage%2Forigin%2F138%2F2022%2F05%2F30%2F2125646.jpg&type=ff264_180&expire=2&refresh=true,17
구글·애플 이어 오포도 ‘AR글래스’…XR기기 시장 뜨겁다,http://www.edaily.co.kr/news/newspath.asp?newsid=02804406632334168,https://search.pstatic.net/common/?src=https%3A%2F%2Fimgnews.pstatic.net%2Fimage%2Forigin%2F018%2F2022%2F05%2F30%2F5229314.jpg&type=ff264_180&expire=2&refresh=true,18
광주에서 국내 최대 AI 기술 전시회 연다,http://news.heraldcorp.com/view.php?ud=20220530000041,https://search.pstatic.net/common/?src=https%3A%2F%2Fimgnews.pstatic.net%2Fimage%2Forigin%2F016%2F2022%2F05%2F30%2F1996881.jpg&type=ff264_180&expire=2&refresh=true,15
"IBK 기업은행, '상담지원 AI' 서비스 실시-고객 상담시간 약 20 초 이상 감소",http://www.techholic.co.kr/news/articleView.html?idxno=203865,https://search.pstatic.net/common/?src=https%3A%2F%2Fimgnews.pstatic.net%2Fimage%2Forigin%2F5404%2F2022%2F05%2F30%2F37599.jpg&type=ff264_180&expire=2&refresh=true,21
"AI융합형 IoT가전 교육 수강생 모집, 글로벌소프트웨어캠퍼스㈜ 참여",http://www.edaily.co.kr/news/newspath.asp?newsid=02578086632334168,https://search.pstatic.net/common/?src=https%3A%2F%2Fimgnews.pstatic.net%2Fimage%2Forigin%2F018%2F2022%2F05%2F30%2F5229241.jpg&type=ff264_180&expire=2&refresh=true,26
"퓨리오사AI, 업스테이지와 OCR 사업 '맞손'…""AI칩에 AI팩 심는다""",https://www.itbiznews.com/news/articleView.html?idxno=72805,https://search.pstatic.net/common/?src=https%3A%2F%2Fimgnews.pstatic.net%2Fimage%2Forigin%2F5795%2F2022%2F05%2F30%2F19527.jpg&type=ofullfill264_180_gray&expire=2&refresh=true,19
"IBM, 인공위성에 하이브리드 클라우드 및 인공지능(AI) 기술 탑재",https://www.ddaily.co.kr/news/article.html?no=238800,https://search.pstatic.net/common/?src=https%3A%2F%2Fimgnews.pstatic.net%2Fimage%2Forigin%2F138%2F2022%2F05%2F30%2F2125616.jpg&type=ff264_180&expire=2&refresh=true,6
"베스핀글로벌-엔터플, 데브 OS 플랫폼 공동 개발 및 관련 사업 추진 위해 MOU 체결",http://mirakle.mk.co.kr/view.php?year=2022&no=475487,https://search.pstatic.net/common/?src=https%3A%2F%2Fimgnews.pstatic.net%2Fimage%2Forigin%2F009%2F2022%2F05%2F30%2F4970846.jpg&type=ff264_180&expire=2&refresh=true,5
"이노그리드, 한국도로공사 '스마트건설기술개발' 유공 표창 수상",http://www.datanet.co.kr/news/articleView.html?idxno=173062,https://search.pstatic.net/common/?src=https%3A%2F%2Fimgnews.pstatic.net%2Fimage%2Forigin%2F5096%2F2022%2F05%2F30%2F123611.jpg&type=ofullfill264_180_gray&expire=2&refresh=true,1
"""요즘 건강 괜찮으세요?""…네이버 AI로 어르신 감정안부 챙긴다",https://www.techm.kr/news/articleView.html?idxno=97935,https://search.pstatic.net/common/?src=https%3A%2F%2Fimgnews.pstatic.net%2Fimage%2Forigin%2F5447%2F2022%2F05%2F30%2F28926.jpg&type=ofullfill264_180_gray&expire=2&refresh=true,15
"노르딕, 브레이브리지 IoT 플랫폼 지원으로 상용화 가속시켜",https://www.hellot.net/news/article.html?no=68580,https://search.pstatic.net/common/?src=https%3A%2F%2Fimgnews.pstatic.net%2Fimage%2Forigin%2F5417%2F2022%2F05%2F30%2F34923.jpg&type=ofullfill264_180_gray&expire=2&refresh=true,9
"LG, 인공지능 스마트공장 구축 도와",http://news.mk.co.kr/newsRead.php?no=474706&year=2022,https://search.pstatic.net/common/?src=https%3A%2F%2Fimgnews.pstatic.net%2Fimage%2Forigin%2F009%2F2022%2F05%2F30%2F4970729.jpg&type=ff264_180&expire=2&refresh=true,1
"업템포글로벌, 스핀오프 IT 개발팀 '업테크' 론칭",http://news.mt.co.kr/mtview.php?no=2022052814564634986,https://search.pstatic.net/common/?src=https%3A%2F%2Fimgnews.pstatic.net%2Fimage%2Forigin%2F008%2F2022%2F05%2F30%2F4752685.jpg&type=ff264_180&expire=2&refresh=true,20
"모더나 ""mRNA 플랫폼 활용한 독감백신 개발 중""",http://www.rapportian.com/news/articleView.html?idxno=147537,https://search.pstatic.net/common/?src=https%3A%2F%2Fimgnews.pstatic.net%2Fimage%2Forigin%2F5248%2F2022%2F05%2F30%2F60400.jpg&type=ff264_180&expire=2&refresh=true,4
윤동식 KT클라우드 대표 “2026년까지 매출 2조원 목표... AI·공공분야 공략”,https://biz.chosun.com/it-science/ict/2022/05/30/7QB3R7AOQRE6HEV34WRZAKERKE/?utm_source=naver&utm_medium=original&utm_campaign=biz,https://search.pstatic.net/common/?src=https%3A%2F%2Fimgnews.pstatic.net%2Fimage%2Forigin%2F366%2F2022%2F05%2F30%2F817497.jpg&type=ff264_180&expire=2&refresh=true,15
"한림대, '의료AI 융합인재 양성사업'에 선정",http://www.rapportian.com/news/articleView.html?idxno=147564,https://search.pstatic.net/common/?src=https%3A%2F%2Fimgnews.pstatic.net%2Fimage%2Forigin%2F5248%2F2022%2F05%2F30%2F60426.jpg&type=ff264_180&expire=2&refresh=true,2
"AMD 인스팅트 MI200, MS 애저 AI 트레이닝 지원",http://www.datanet.co.kr/news/articleView.html?idxno=173084,https://search.pstatic.net/common/?src=https%3A%2F%2Fimgnews.pstatic.net%2Fimage%2Forigin%2F5096%2F2022%2F05%2F30%2F123631.jpg&type=ofullfill264_180_gray&expire=2&refresh=true,15
"'워크플레이스', 스마트워크 지원 포털로 진화",http://www.koit.co.kr/news/articleView.html?idxno=97792,https://search.pstatic.net/common/?src=https%3A%2F%2Fimgnews.pstatic.net%2Fimage%2Forigin%2F5839%2F2022%2F05%2F30%2F14101.jpg&type=ofullfill264_180_gray&expire=2&refresh=true,23
세계 첫 AI 활용 물관리…수자원公 '미래형 상수도' 이끈다,https://www.sedaily.com/NewsView/26666H2OBY,https://search.pstatic.net/common/?src=https%3A%2F%2Fimgnews.pstatic.net%2Fimage%2Forigin%2F011%2F2022%2F05%2F30%2F4059876.jpg&type=ff264_180&expire=2&refresh=true,4
"하이테크 모바일 로봇 플랫폼 필드로, 자율배송 로봇 시제품 출시",https://www.news1.kr/articles/?4696757,https://search.pstatic.net/common/?src=https%3A%2F%2Fimgnews.pstatic.net%2Fimage%2Forigin%2F421%2F2022%2F05%2F30%2F6127317.jpg&type=ff264_180&expire=2&refresh=true,9
"경북농기원, 디지털 마(산약) 재배 시스템 개발 착수",http://www.nspna.com/news/?mode=view&newsid=573951,https://search.pstatic.net/common/?src=https%3A%2F%2Fimgnews.pstatic.net%2Fimage%2Forigin%2F5025%2F2022%2F05%2F30%2F547132.jpg&type=ofullfill264_180_gray&expire=2&refresh=true,14
"양산시, 스마트공장 보급확산사업 추진",http://www.enewstoday.co.kr/news/articleView.html?idxno=1573307,https://search.pstatic.net/common/?src=https%3A%2F%2Fimgnews.pstatic.net%2Fimage%2Forigin%2F5038%2F2022%2F05%2F30%2F727205.jpg&type=ofullfill264_180_gray&expire=2&refresh=true,5
서울 강서구청 AI 서비스 로봇 구축 시연회,https://www.news1.kr/photos/view/?5400673,https://search.pstatic.net/common/?src=https%3A%2F%2Fimgnews.pstatic.net%2Fimage%2Forigin%2F421%2F2022%2F05%2F30%2F6127255.jpg&type=ff264_180&expire=2&refresh=true,15
"KT, 초미세먼지 대응...신축아파트에 AI청정환기시스템 구축",http://www.s-journal.co.kr/news/articleView.html?idxno=5597,https://search.pstatic.net/common/?src=https%3A%2F%2Fimgnews.pstatic.net%2Fimage%2Forigin%2F5877%2F2022%2F05%2F30%2F736.jpg&type=ofullfill264_180_gray&expire=2&refresh=true,0
지속가능 스마트 도시 도모 위한 '스마트시티 아시아 2022' 성료,http://www.incheonilbo.com/news/articleView.html?idxno=1146655,https://search.pstatic.net/common/?src=https%3A%2F%2Fimgnews.pstatic.net%2Fimage%2Forigin%2F5193%2F2022%2F05%2F30%2F464290.jpg&type=ofullfill264_180_gray&expire=2&refresh=true,16
AI기반 알레르기성 비염치료기 세계 최초 개발,https://www.donga.com/news/article/all/20220528/113668065/1,https://search.pstatic.net/common/?src=https%3A%2F%2Fimgnews.pstatic.net%2Fimage%2Forigin%2F020%2F2022%2F05%2F30%2F3431401.jpg&type=ff264_180&expire=2&refresh=true,15
"AMD 인스팅트 MI200, 마이크로소프트 애저 AI 트레이닝 지원",http://www.ilovepc.co.kr/news/articleView.html?idxno=43564,https://search.pstatic.net/common/?src=https%3A%2F%2Fimgnews.pstatic.net%2Fimage%2Forigin%2F5198%2F2022%2F05%2F30%2F29053.jpg&type=ofullfill264_180_gray&expire=2&refresh=true,15
"['IT'oday] 삼성전자, 에버랜드에서 '비스포크 팬파티' 개최 外",http://www.sisaweek.com/news/articleView.html?idxno=153806,https://search.pstatic.net/common/?src=https%3A%2F%2Fimgnews.pstatic.net%2Fimage%2Forigin%2F5337%2F2022%2F05%2F30%2F122808.jpg&type=ofullfill264_180_gray&expire=2&refresh=true,20
"기업은행, 상담지원 AI 서비스 실시…고객센터 상담시간 20초 이상 감소",https://www.ngetnews.com/news/articleView.html?idxno=408366,https://search.pstatic.net/common/?src=https%3A%2F%2Fimgnews.pstatic.net%2Fimage%2Forigin%2F5824%2F2022%2F05%2F30%2F12509.jpg&type=ofullfill264_180_gray&expire=2&refresh=true,21
"행안부, 디지털 플랫폼 정부 추진 방안 논의 CIO 협의회 개최  ",http://www.cctvnews.co.kr/news/articleView.html?idxno=232676,https://search.pstatic.net/common/?src=https%3A%2F%2Fimgnews.pstatic.net%2Fimage%2Forigin%2F5298%2F2022%2F05%2F30%2F154725.jpg&type=ofullfill264_180_gray&expire=2&refresh=true,22
"로그프레소, 보안운영 플랫폼 '로그프레소 엔터프라이즈 4.0' 출시",http://www.etnews.com/20220530000051,https://search.pstatic.net/common/?src=https%3A%2F%2Fimgnews.pstatic.net%2Fimage%2Forigin%2F030%2F2022%2F05%2F30%2F3020136.jpg&type=ff264_180&expire=2&refresh=true,9
"삼성SDS, '클라우드 퍼스트' 가속…판교 IT 캠퍼스서 '고객사 파견 2000여명' 원격업무",http://www.newsworks.co.kr/news/articleView.html?idxno=599364,https://search.pstatic.net/common/?src=https%3A%2F%2Fimgnews.pstatic.net%2Fimage%2Forigin%2F5525%2F2022%2F05%2F30%2F302754.jpg&type=ff264_180&expire=2&refresh=true,20
"[통신가 소식] KT, 이문3구역에 AI 청정환기 시스템 구축·U+아이들나라, 오프라인 놀이교육으로 영역 확장",http://theviewers.co.kr/View.aspx?No=2402614,https://search.pstatic.net/common/?src=https%3A%2F%2Fimgnews.pstatic.net%2Fimage%2Forigin%2F5597%2F2022%2F05%2F30%2F81700.jpg&type=ofullfill264_180_gray&expire=2&refresh=true,0
"중기부, ‘K-스마트등대공장’11개사 선정 발표",http://news.heraldcorp.com/view.php?ud=20220530000572, ,7
첨단 디지털 헬스케어산업 허브 조성… 원주는 건강이다,https://www.seoul.co.kr/news/newsView.php?id=20220530015008&wlog_tag3=naver,https://search.pstatic.net/common/?src=https%3A%2F%2Fimgnews.pstatic.net%2Fimage%2Forigin%2F081%2F2022%2F05%2F30%2F3276439.jpg&type=ff264_180&expire=2&refresh=true,12
"플래티어, 한국미스미에 플래티어 AI 마케팅 솔루션 ‘그루비’ 도입",https://www.ddaily.co.kr/news/article.html?no=238820,https://search.pstatic.net/common/?src=https%3A%2F%2Fimgnews.pstatic.net%2Fimage%2Forigin%2F138%2F2022%2F05%2F30%2F2125631.jpg&type=ff264_180&expire=2&refresh=true,10
"DB손해보험, '부릉(메쉬코리아)'과 통합물류플랫폼 보험서비스 업무협약",http://www.thebigdata.co.kr/view.php?ud=2022053010295228302d2db879fd_23,https://search.pstatic.net/common/?src=https%3A%2F%2Fimgnews.pstatic.net%2Fimage%2Forigin%2F5645%2F2022%2F05%2F30%2F118258.jpg&type=ofullfill264_180_gray&expire=2&refresh=true,1
"모더나 ""mRNA 플랫폼 활용 독감 예방 백신 개발 중""",http://www.healthinnews.co.kr/news/articleView.html?idxno=30357,https://search.pstatic.net/common/?src=https%3A%2F%2Fimgnews.pstatic.net%2Fimage%2Forigin%2F5817%2F2022%2F05%2F30%2F10724.jpg&type=ofullfill264_180_gray&expire=2&refresh=true,4
'AI 딥러닝' 기술 탑재한 가전제품 대세,http://www.enewstoday.co.kr/news/articleView.html?idxno=1573405,https://search.pstatic.net/common/?src=https%3A%2F%2Fimgnews.pstatic.net%2Fimage%2Forigin%2F5038%2F2022%2F05%2F30%2F727299.jpg&type=ofullfill264_180_gray&expire=2&refresh=true,15
‘디지털플랫폼정부’ 논의한다··· 31일 중앙-지자체 CIO 협의회 개최,https://www.ddaily.co.kr/news/article.html?no=238855,https://search.pstatic.net/common/?src=https%3A%2F%2Fimgnews.pstatic.net%2Fimage%2Forigin%2F138%2F2022%2F05%2F30%2F2125664.jpg&type=ff264_180&expire=2&refresh=true,22
"'동진쎄미켐' 등 11개 기업, 중기부 지원 'k-스마트등대공장'에 선정",http://www.kihoilbo.co.kr/news/articleView.html?idxno=981764, ,7
8년뒤 동남아 1256조 폭풍성장...'디지털 K-금융' 돌풍 분다,http://news.mt.co.kr/mtview.php?no=2022052910353616051,https://search.pstatic.net/common/?src=https%3A%2F%2Fimgnews.pstatic.net%2Fimage%2Forigin%2F008%2F2022%2F05%2F30%2F4752262.jpg&type=ff264_180&expire=2&refresh=true,12
"엑세스바이오, 심전도 전문기업 웰리시스에 투자…디지털헬스케어 사업 본격화",http://www.newspim.com/news/view/20220530000120,https://search.pstatic.net/common/?src=https%3A%2F%2Fimgnews.pstatic.net%2Fimage%2Forigin%2F5002%2F2022%2F05%2F30%2F2101114.jpg&type=ff264_180&expire=2&refresh=true,5
"픽스퀵, '대한민국 유망기업대상' 스마트기기 애프터마켓 플랫폼부문 수상",http://news.mt.co.kr/mtview.php?no=2022053015140398290,https://search.pstatic.net/common/?src=https%3A%2F%2Fimgnews.pstatic.net%2Fimage%2Forigin%2F008%2F2022%2F05%2F30%2F4752762.jpg&type=ff264_180&expire=2&refresh=true,26
"아이오바이오, 연대 치과병원과 덴탈 헬스케어 플랫폼 임상적용 협약",http://www.edaily.co.kr/news/newspath.asp?newsid=02318966632334168,https://search.pstatic.net/common/?src=https%3A%2F%2Fimgnews.pstatic.net%2Fimage%2Forigin%2F018%2F2022%2F05%2F30%2F5229176.jpg&type=ff264_180&expire=2&refresh=true,9
"""디지털플랫폼정부, 기업에 혁신 기회 제공""",http://www.koit.co.kr/news/articleView.html?idxno=97791,https://search.pstatic.net/common/?src=https%3A%2F%2Fimgnews.pstatic.net%2Fimage%2Forigin%2F5839%2F2022%2F05%2F30%2F14105.jpg&type=ofullfill264_180_gray&expire=2&refresh=true,25
"서비스나우, '나우 플랫폼'에 '구매 조달 서비스 관리' 솔루션 도입",http://www.datanet.co.kr/news/articleView.html?idxno=173080,https://search.pstatic.net/common/?src=https%3A%2F%2Fimgnews.pstatic.net%2Fimage%2Forigin%2F5096%2F2022%2F05%2F30%2F123626.jpg&type=ofullfill264_180_gray&expire=2&refresh=true,3
"경기스마트제조혁신센터 ""동진쎄미켐, 'K-스마트등대공장' 선정""",http://www.shinailbo.co.kr/news/articleView.html?idxno=1557884, ,2
"HDC현대산업개발, HDC랩스와 공동으로 스마트 기술 선보여",https://www.ilyosisa.co.kr/news/article.html?no=234843,https://search.pstatic.net/common/?src=https%3A%2F%2Fimgnews.pstatic.net%2Fimage%2Forigin%2F5175%2F2022%2F05%2F30%2F120420.jpg&type=ofullfill264_180_gray&expire=2&refresh=true,26
한국디지털문인협회 창립총회 '문학의 미래 연다',http://www.breaknews.com/898709,https://search.pstatic.net/common/?src=https%3A%2F%2Fimgnews.pstatic.net%2Fimage%2Forigin%2F5297%2F2022%2F05%2F30%2F579195.jpg&type=ff264_180&expire=2&refresh=true,1
"IT 교육 플랫폼 인프런 2021년 실적 공개, “전년 대비 214% 이상 성장”",http://mirakle.mk.co.kr/view.php?year=2022&no=476589,https://search.pstatic.net/common/?src=https%3A%2F%2Fimgnews.pstatic.net%2Fimage%2Forigin%2F009%2F2022%2F05%2F30%2F4970987.jpg&type=ff264_180&expire=2&refresh=true,20
[김정호의 AI시대의 전략] 인간의 얼굴 닮아가는 인공지능… 눈빛·표정까지 만들어 낸다,https://www.chosun.com/opinion/specialist_column/2022/05/30/NQSJRYHIE5DLFGKMFO5MOYSV2I/?utm_source=naver&utm_medium=referral&utm_campaign=naver-news,https://search.pstatic.net/common/?src=https%3A%2F%2Fimgnews.pstatic.net%2Fimage%2Forigin%2F023%2F2022%2F05%2F30%2F3694449.jpg&type=ff264_180&expire=2&refresh=true,15
"""ESG·보안·인력난 해법 제시가 中企 디지털 전환 열쇠""",http://www.kbiznews.co.kr/news/articleView.html?idxno=91302,https://search.pstatic.net/common/?src=https%3A%2F%2Fimgnews.pstatic.net%2Fimage%2Forigin%2F5328%2F2022%2F05%2F30%2F44509.jpg&type=ff264_180&expire=2&refresh=true,24
"제37호 에이-벤처스 '도시농사꾼', 냉동컨테이너 활용 스마트팜 개발 ",http://www.foodnews.co.kr/news/articleView.html?idxno=97049,https://search.pstatic.net/common/?src=https%3A%2F%2Fimgnews.pstatic.net%2Fimage%2Forigin%2F5595%2F2022%2F05%2F30%2F13566.jpg&type=ofullfill264_180_gray&expire=2&refresh=true,4
"'도매꾹-판다랭크', 소상공인 디지털 진출 '맞손'",http://www.m-i.kr/news/articleView.html?idxno=923153,https://search.pstatic.net/common/?src=https%3A%2F%2Fimgnews.pstatic.net%2Fimage%2Forigin%2F5385%2F2022%2F05%2F30%2F537552.jpg&type=ff264_180&expire=2&refresh=true,12
횡성군 '지역거점 스마트시티' 가속 ,https://www.jeonmae.co.kr/news/articleView.html?idxno=892677,https://search.pstatic.net/common/?src=https%3A%2F%2Fimgnews.pstatic.net%2Fimage%2Forigin%2F5844%2F2022%2F05%2F30%2F49714.jpg&type=ofullfill264_180_gray&expire=2&refresh=true,16
중기중앙회 '베트남 스마트시티 전시회' 한국관 참가,http://www.kbiznews.co.kr/news/articleView.html?idxno=91294,https://search.pstatic.net/common/?src=https%3A%2F%2Fimgnews.pstatic.net%2Fimage%2Forigin%2F5328%2F2022%2F05%2F30%2F44517.jpg&type=ff264_180&expire=2&refresh=true,16
"LG유플러스, '째깍악어' 사업 제휴로 아이들나라 확대…삼성SDS, 판교에 2000명 입주 [IT오늘]",http://www.sisaon.co.kr/news/articleView.html?idxno=139384, ,20
"와이즈스톤, 과기정통부 'AI 신뢰성 인증' 사업자 선정",http://www.datanet.co.kr/news/articleView.html?idxno=173060,https://search.pstatic.net/common/?src=https%3A%2F%2Fimgnews.pstatic.net%2Fimage%2Forigin%2F5096%2F2022%2F05%2F30%2F123606.jpg&type=ofullfill264_180_gray&expire=2&refresh=true,2
"강서구, 인공지능(AI) 민원 안내로봇 ‘새로미’ 구축 ´운영",http://robotzine.co.kr/entry/260963,https://search.pstatic.net/common/?src=https%3A%2F%2Fimgnews.pstatic.net%2Fimage%2Forigin%2F5733%2F2022%2F05%2F30%2F4306.jpg&type=ofullfill264_180_gray&expire=2&refresh=true,15
"[CEO 리포트] 정영호 캐롯 대표, 1호 넘어 1위 디지털 손보사 꿈꾼다",http://daily.hankooki.com/news/articleView.html?idxno=825663,https://search.pstatic.net/common/?src=https%3A%2F%2Fimgnews.pstatic.net%2Fimage%2Forigin%2F5358%2F2022%2F05%2F30%2F415468.jpg&type=ofullfill264_180_gray&expire=2&refresh=true,12
"KAIST, 새로운 3차원 노광 공정 개발",http://www.naeil.com/news_view/?id_art=424890, ,14
"횡성군, 스마트시티 조성사업 최종 협약 체결",https://mbcnewsgangwon.co.kr/article/hijptCFWf9fHXQfcuWh8, ,16
"한림대동탄성심병원, 스마트병원 선도모델 개발 지원사업 선정",https://www.kgnews.co.kr/news/article.html?no=703756,https://search.pstatic.net/common/?src=https%3A%2F%2Fimgnews.pstatic.net%2Fimage%2Forigin%2F5199%2F2022%2F05%2F30%2F302846.jpg&type=ofullfill264_180_gray&expire=2&refresh=true,2
"농협제주본부, 농･축협책임자 디지털금융 교육 실시",http://www.aflnews.co.kr/news/articleView.html?idxno=227405,https://search.pstatic.net/common/?src=https%3A%2F%2Fimgnews.pstatic.net%2Fimage%2Forigin%2F5442%2F2022%2F05%2F30%2F60160.jpg&type=ofullfill264_180_gray&expire=2&refresh=true,1
"더맘마, 맘마먹자 앱 회원 DB 통합",http://www.klnews.co.kr/news/articleView.html?idxno=304664,https://search.pstatic.net/common/?src=https%3A%2F%2Fimgnews.pstatic.net%2Fimage%2Forigin%2F5148%2F2022%2F05%2F30%2F21775.jpg&type=ofullfill264_180_gray&expire=2&refresh=true,1
"베스핀글로벌-엔터플, 데브 OS 플랫폼 공동 개발 MOU 체결",http://www.epnc.co.kr/news/articleView.html?idxno=223800,https://search.pstatic.net/common/?src=https%3A%2F%2Fimgnews.pstatic.net%2Fimage%2Forigin%2F5752%2F2022%2F05%2F30%2F40189.jpg&type=ofullfill264_180_gray&expire=2&refresh=true,9
"중진공, AI 기업 평가로 중소기업 혁신성장 돕는다",https://www.ajunews.com/view/20220527110623016,https://search.pstatic.net/common/?src=https%3A%2F%2Fimgnews.pstatic.net%2Fimage%2Forigin%2F5090%2F2022%2F05%2F30%2F2141487.jpg&type=ofullfill264_180_gray&expire=2&refresh=true,25
"[데일리 IT 단신] SKT, 로밍 상품 ‘바로 요금제’ 첫 고객 50% 할인 제공 外",https://biz.newdaily.co.kr/site/data/html/2022/05/30/2022053000106.html,https://search.pstatic.net/common/?src=https%3A%2F%2Fimgnews.pstatic.net%2Fimage%2Forigin%2F5005%2F2022%2F05%2F30%2F681090.jpg&type=ofullfill264_180_gray&expire=2&refresh=true,20
"김은혜 경기도지사 후보, 디지털플랫폼 4대 공약 발표",http://www.breaknews.com/898598,https://search.pstatic.net/common/?src=https%3A%2F%2Fimgnews.pstatic.net%2Fimage%2Forigin%2F5297%2F2022%2F05%2F30%2F579053.jpg&type=ff264_180&expire=2&refresh=true,1
"로그프레소, 자유롭게 기능 확장할 수 있는 SecOps 플랫폼 출시",https://www.hellot.net/news/article.html?no=68592,https://search.pstatic.net/common/?src=https%3A%2F%2Fimgnews.pstatic.net%2Fimage%2Forigin%2F5417%2F2022%2F05%2F30%2F34934.jpg&type=ofullfill264_180_gray&expire=2&refresh=true,9
"구글, 'DALL-E 2'와 경쟁하는 'Imagen' 발표",http://www.aitimes.com/news/articleView.html?idxno=144897,https://search.pstatic.net/common/?src=https%3A%2F%2Fimgnews.pstatic.net%2Fimage%2Forigin%2F5746%2F2022%2F05%2F30%2F84736.jpg&type=ofullfill264_180_gray&expire=2&refresh=true,18
"국내 대표 AI 소프트웨어-하드웨어 스타트업이 만났다...업스테이지-퓨리오사AI, 인공지능 생태계 확장 위해 맞손",http://www.aitimes.kr/news/articleView.html?idxno=25157,https://search.pstatic.net/common/?src=https%3A%2F%2Fimgnews.pstatic.net%2Fimage%2Forigin%2F5830%2F2022%2F05%2F30%2F7083.jpg&type=ff264_180&expire=2&refresh=true,19
"용인시정연구원, 주차 문제 개선방안으로 ‘스마트 주차시스템’ 제시",https://www.asiatoday.co.kr/view.php?key=20220530010017596,https://search.pstatic.net/common/?src=https%3A%2F%2Fimgnews.pstatic.net%2Fimage%2Forigin%2F5268%2F2022%2F05%2F30%2F1648401.jpg&type=ofullfill264_180_gray&expire=2&refresh=true,26
"'스마트시티 아시아 2022' 베트남 호치민서 ""이것이 미래도시"" ",https://www.gametoc.co.kr/news/articleView.html?idxno=66490,https://search.pstatic.net/common/?src=https%3A%2F%2Fimgnews.pstatic.net%2Fimage%2Forigin%2F5497%2F2022%2F05%2F30%2F16739.jpg&type=ofullfill264_180_gray&expire=2&refresh=true,16
[블록체인핫이슈] 논란 속 부활 테라 블록체인에 쏠리는 눈,http://www.digitaltoday.co.kr/news/articleView.html?idxno=447474,https://search.pstatic.net/common/?src=https%3A%2F%2Fimgnews.pstatic.net%2Fimage%2Forigin%2F5137%2F2022%2F05%2F30%2F118693.jpg&type=ofullfill264_180_gray&expire=2&refresh=true,1
노르딕 IoT 플랫폼으로 네트워크 연결 오류 자동 해결,http://www.koit.co.kr/news/articleView.html?idxno=97818,https://search.pstatic.net/common/?src=https%3A%2F%2Fimgnews.pstatic.net%2Fimage%2Forigin%2F5839%2F2022%2F05%2F30%2F14107.jpg&type=ofullfill264_180_gray&expire=2&refresh=true,9
중앙·지방정부 디지털플랫폼정부 전문가 한 자리에 모인다,http://www.public25.com/news/articleView.html?idxno=11053,https://search.pstatic.net/common/?src=https%3A%2F%2Fimgnews.pstatic.net%2Fimage%2Forigin%2F5859%2F2022%2F05%2F30%2F362.jpg&type=ff264_180&expire=2&refresh=true,22
"롤텍, 제11회 개인정보보호페어·CPO워크숍 'PIS FAIR' 참가",http://www.it-b.co.kr/news/articleView.html?idxno=59963,https://search.pstatic.net/common/?src=https%3A%2F%2Fimgnews.pstatic.net%2Fimage%2Forigin%2F5579%2F2022%2F05%2F30%2F36985.jpg&type=ofullfill264_180_gray&expire=2&refresh=true,1
"위메이드, '엔비져블'의 디지털치료경험(DTX) 연구개발 사업에 전략적 투자",http://www.cbci.co.kr/news/articleView.html?idxno=428125,https://search.pstatic.net/common/?src=https%3A%2F%2Fimgnews.pstatic.net%2Fimage%2Forigin%2F5785%2F2022%2F05%2F30%2F23767.jpg&type=ofullfill264_180_gray&expire=2&refresh=true,5
두산공작기계·동진쎄미켐 등 K-스마트등대공장 11개사 선정,http://www.mtnews.net/news/view.php?idx=13696,https://search.pstatic.net/common/?src=https%3A%2F%2Fimgnews.pstatic.net%2Fimage%2Forigin%2F5596%2F2022%2F05%2F30%2F10038.jpg&type=ofullfill264_180_gray&expire=2&refresh=true,7
"중국, 대규모 디지털 인프라 사업 '둥수씨솬' 본격 추진",http://www.opinionnews.co.kr/news/articleView.html?idxno=68083,https://search.pstatic.net/common/?src=https%3A%2F%2Fimgnews.pstatic.net%2Fimage%2Forigin%2F5618%2F2022%2F05%2F30%2F23645.jpg&type=ofullfill264_180_gray&expire=2&refresh=true,5
"베리스토어-한터글로벌, 글로벌 플랫폼 사업 위한 MOU 체결",http://www.newsway.co.kr/news/view?tp=1&ud=2022053015165000327,https://search.pstatic.net/common/?src=https%3A%2F%2Fimgnews.pstatic.net%2Fimage%2Forigin%2F5270%2F2022%2F05%2F30%2F761993.jpg&type=ofullfill264_180_gray&expire=2&refresh=true,5
"한정판 거래 플랫폼 크림, 여름 뮤직 페스티벌 위한 아이템 제안",http://zine.istyle24.com/Fashion/FashionView.aspx?Idx=58575&Menu=12&_C_=23069,https://search.pstatic.net/common/?src=https%3A%2F%2Fimgnews.pstatic.net%2Fimage%2Forigin%2F5317%2F2022%2F05%2F30%2F37393.jpg&type=ofullfill264_180_gray&expire=2&refresh=true,9
"로빈후드 플레인, 몰타 AIBC 써밋에서 글로벌 경쟁력 입증",https://www.sisa-news.com/news/article.html?no=200812,https://search.pstatic.net/common/?src=https%3A%2F%2Fimgnews.pstatic.net%2Fimage%2Forigin%2F5612%2F2022%2F05%2F30%2F78705.jpg&type=ofullfill264_180_gray&expire=2&refresh=true,1
"IBK창공 대전 혁신창업기업 ‘사운드플랫폼’, 마음 치유하는 스트리밍 앱 ‘MULIEF(뮤리프)’ 선보여",https://www.dailian.co.kr/news/view/1118547/?sc=Naver,https://search.pstatic.net/common/?src=https%3A%2F%2Fimgnews.pstatic.net%2Fimage%2Forigin%2F119%2F2022%2F05%2F30%2F2608372.jpg&type=ff264_180&expire=2&refresh=true,21
"브레이브리지, 셀룰러 IoT 제품 설계 개발자 위한 플랫폼 출시",http://kbench.com/?q=node/233228,https://search.pstatic.net/common/?src=https%3A%2F%2Fimgnews.pstatic.net%2Fimage%2Forigin%2F5036%2F2022%2F05%2F30%2F148063.jpg&type=ofullfill264_180_gray&expire=2&refresh=true,9
"삼성전자 가전제품과 딥브레인AI 가상인간, AI 신뢰성 시범인증 시작",http://www.aitimes.com/news/articleView.html?idxno=144892,https://search.pstatic.net/common/?src=https%3A%2F%2Fimgnews.pstatic.net%2Fimage%2Forigin%2F5746%2F2022%2F05%2F30%2F84741.jpg&type=ofullfill264_180_gray&expire=2&refresh=true,15
"플래티어 AI 마케팅 솔루션 '그루비', 한국미스미에 적용",http://www.epnc.co.kr/news/articleView.html?idxno=223821,https://search.pstatic.net/common/?src=https%3A%2F%2Fimgnews.pstatic.net%2Fimage%2Forigin%2F5752%2F2022%2F05%2F30%2F40180.jpg&type=ofullfill264_180_gray&expire=2&refresh=true,10
"효성중공업, 풀 디지털변전소용 LPIT·MU 국내 첫 상용화",https://www.electimes.com/news/articleView.html?idxno=305157,https://search.pstatic.net/common/?src=https%3A%2F%2Fimgnews.pstatic.net%2Fimage%2Forigin%2F5235%2F2022%2F05%2F30%2F118655.jpg&type=ff264_180&expire=2&refresh=true,1
"김영섭 LG CNS호, 디지털 바람 타고 쾌속 순항",http://www.fntimes.com/html/view.php?ud=202205272247483704dd55077bc2_18,https://search.pstatic.net/common/?src=https%3A%2F%2Fimgnews.pstatic.net%2Fimage%2Forigin%2F5040%2F2022%2F05%2F30%2F269667.jpg&type=ofullfill264_180_gray&expire=2&refresh=true,12
“창원 디지털 인프라 구축해 달라”,http://www.knnews.co.kr/news/articleView.php?idxno=1377755, ,12
"의료선진국 입지 굳건 영국, 디지털 헬스케어 성장 주목",http://www.bosa.co.kr/news/articleView.html?idxno=2174458,https://search.pstatic.net/common/?src=https%3A%2F%2Fimgnews.pstatic.net%2Fimage%2Forigin%2F5376%2F2022%2F05%2F30%2F130339.jpg&type=ofullfill264_180_gray&expire=2&refresh=true,12
‘한의융합 디지털 헬스케어 프로젝트’ 출범 제안 ‘눈길’,https://www.akomnews.com/bbs/board.php?bo_table=news&wr_id=49314,https://search.pstatic.net/common/?src=https%3A%2F%2Fimgnews.pstatic.net%2Fimage%2Forigin%2F5530%2F2022%2F05%2F30%2F13958.jpg&type=ofullfill264_180_gray&expire=2&refresh=true,18
"로빈후드 플레인, 몰타 AIBC 써밋에서 '띱스' 선보여",http://www.thefirstmedia.net/news/articleView.html?idxno=94856,https://search.pstatic.net/common/?src=https%3A%2F%2Fimgnews.pstatic.net%2Fimage%2Forigin%2F5560%2F2022%2F05%2F30%2F51837.jpg&type=ofullfill264_180_gray&expire=2&refresh=true,1
"친환경·디지털 전환 앞둔 조선업계, 대규모 적자에도 R&D 총력",http://news.einfomax.co.kr/news/articleView.html?idxno=4216150,https://search.pstatic.net/common/?src=https%3A%2F%2Fimgnews.pstatic.net%2Fimage%2Forigin%2F5227%2F2022%2F05%2F30%2F489137.jpg&type=ofullfill264_180_gray&expire=2&refresh=true,24
"인포인, 3D 메타버스 플랫폼 ‘타운버스’ 베타 버전 공개",https://www.hellot.net/news/article.html?no=68588,https://search.pstatic.net/common/?src=https%3A%2F%2Fimgnews.pstatic.net%2Fimage%2Forigin%2F5417%2F2022%2F05%2F30%2F34929.jpg&type=ofullfill264_180_gray&expire=2&refresh=true,9
[메타버스 '또 하나의 지구'가 될 수 있을까] 경제활동 가능하고 플랫폼 간 호환성 있어야 지속가능,http://www.naeil.com/news_view/?id_art=424873,https://search.pstatic.net/common/?src=https%3A%2F%2Fimgnews.pstatic.net%2Fimage%2Forigin%2F5312%2F2022%2F05%2F30%2F215253.jpg&type=ofullfill264_180_gray&expire=2&refresh=true,9
"'스마트시티 아시아 2022', 글로벌 미래도시 경쟁력 확인",http://www.cstimes.com/news/articleView.html?idxno=500562,https://search.pstatic.net/common/?src=https%3A%2F%2Fimgnews.pstatic.net%2Fimage%2Forigin%2F5174%2F2022%2F05%2F30%2F326397.jpg&type=ofullfill264_180_gray&expire=2&refresh=true,16
"정부, '스마트 항만 물류 시스템 구축' 등 디지털 트윈 3개 실증 사업 본격 착수...259.5억원 투입한다",http://www.smartcitytoday.co.kr/news/articleView.html?idxno=23396,https://search.pstatic.net/common/?src=https%3A%2F%2Fimgnews.pstatic.net%2Fimage%2Forigin%2F5864%2F2022%2F05%2F30%2F469.jpg&type=ofullfill264_180_gray&expire=2&refresh=true,17
"bhc치킨 '해바라기 봉사단', 디지털샛강지도 제작 봉사 진행",http://www.sisaweek.com/news/articleView.html?idxno=153827,https://search.pstatic.net/common/?src=https%3A%2F%2Fimgnews.pstatic.net%2Fimage%2Forigin%2F5337%2F2022%2F05%2F30%2F122823.jpg&type=ofullfill264_180_gray&expire=2&refresh=true,1
"[빌드 2022] ""깃허브에서 태어난 AI가 최적의 코드 제안""...개발자·AI 협업 시대 열렸다",https://www.ajunews.com/view/20220529153324739,https://search.pstatic.net/common/?src=https%3A%2F%2Fimgnews.pstatic.net%2Fimage%2Forigin%2F5090%2F2022%2F05%2F30%2F2141482.jpg&type=ofullfill264_180_gray&expire=2&refresh=true,15
"플럭시티, APAC CIO Outlook 매거진 '2022년 스마트시티 솔루션 10대 기업' 선정",http://www.gvalley.co.kr/news/articleView.html?idxno=604020,https://search.pstatic.net/common/?src=https%3A%2F%2Fimgnews.pstatic.net%2Fimage%2Forigin%2F5206%2F2022%2F05%2F30%2F78943.jpg&type=ofullfill264_180_gray&expire=2&refresh=true,25
"IBK창공 대전 혁신창업기업 사운드플랫폼, 테라피 음원 스트리밍 앱 ‘뮤리프’ 출시",http://www.fnnews.com/news/202205301112580104,https://search.pstatic.net/common/?src=https%3A%2F%2Fimgnews.pstatic.net%2Fimage%2Forigin%2F014%2F2022%2F05%2F30%2F4844041.jpg&type=ff264_180&expire=2&refresh=true,9
IT 교육 플랫폼 인프런 2021 실적 “전년 대비 214% 이상 성장”,https://platum.kr/archives/186676,https://search.pstatic.net/common/?src=https%3A%2F%2Fimgnews.pstatic.net%2Fimage%2Forigin%2F5373%2F2022%2F05%2F30%2F22047.jpg&type=ofullfill264_180_gray&expire=2&refresh=true,20
"해남군, 스마트 도시계획 군민참여단 리빙랩 모집",http://www.thebigdata.co.kr/view.php?ud=202205301555347388e91b94b033_23,https://search.pstatic.net/common/?src=https%3A%2F%2Fimgnews.pstatic.net%2Fimage%2Forigin%2F5645%2F2022%2F05%2F30%2F118290.jpg&type=ofullfill264_180_gray&expire=2&refresh=true,26
암호화폐 채굴 업체 ‘비트러쉬’ 러시아 블라디보스톡에 AI 반도체 장비 수주 추진,http://www.lawissue.co.kr/view.php?ud=202205301022288868204ead0791_12,https://search.pstatic.net/common/?src=https%3A%2F%2Fimgnews.pstatic.net%2Fimage%2Forigin%2F5289%2F2022%2F05%2F30%2F328249.jpg&type=ofullfill264_180_gray&expire=2&refresh=true,5
"오유경 식약처장 ""바이오·디지털 헬스산업 성장 위한 규제혁신 추진""",http://www.newsway.co.kr/news/view?tp=1&ud=2022053008103748249,https://search.pstatic.net/common/?src=https%3A%2F%2Fimgnews.pstatic.net%2Fimage%2Forigin%2F5270%2F2022%2F05%2F30%2F761925.jpg&type=ofullfill264_180_gray&expire=2&refresh=true,5
"HDC현대산업개발, HDC랩스와 '스마트 주차장 솔루션' 선보여",http://www.asiaa.co.kr/news/articleView.html?idxno=88187,https://search.pstatic.net/common/?src=https%3A%2F%2Fimgnews.pstatic.net%2Fimage%2Forigin%2F5755%2F2022%2F05%2F30%2F55379.jpg&type=ofullfill264_180_gray&expire=2&refresh=true,26
"개발자 구하기가 별따기…""디지털혁신(DT), 노코드(no-code)에 주목하라""",https://www.itbiznews.com/news/articleView.html?idxno=72813,https://search.pstatic.net/common/?src=https%3A%2F%2Fimgnews.pstatic.net%2Fimage%2Forigin%2F5795%2F2022%2F05%2F30%2F19541.jpg&type=ofullfill264_180_gray&expire=2&refresh=true,1
냉동콘테이너를 스마트팜으로…‘이달의 A-벤처스’에 ‘도시농사꾼’ 선정,http://www.nongmin.com/article/ar_detail.htm?seq_id=356482,https://search.pstatic.net/common/?src=https%3A%2F%2Fimgnews.pstatic.net%2Fimage%2Forigin%2F662%2F2022%2F05%2F30%2F1171.jpg&type=ofullfill264_180_gray&expire=2&refresh=true,2
"상명대, ‘비대면 스포츠 코칭 시장 창출, 디지털전환 지원사업’ 유치 및 참여 사업자 모집",https://www.ekn.kr/web/view.php?key=20220530010004987,https://search.pstatic.net/common/?src=https%3A%2F%2Fimgnews.pstatic.net%2Fimage%2Forigin%2F5133%2F2022%2F05%2F30%2F521370.jpg&type=ofullfill264_180_gray&expire=2&refresh=true,26
중부대 최대수 교수 고용노동부 K-디지털 트레이닝 사업 선정,http://www.mygoyang.com/news/articleView.html?idxno=68226,https://search.pstatic.net/common/?src=https%3A%2F%2Fimgnews.pstatic.net%2Fimage%2Forigin%2F5429%2F2022%2F05%2F30%2F18415.jpg&type=ofullfill264_180_gray&expire=2&refresh=true,5
2022 스마트+인테리어 B2B 전략 세미나 및 전시 개최… 스마트인테리어 新 BM 발굴·공유 통해 시너지효과 극대화한다!,http://kr.aving.net/news/view.php?articleId=1714324&Branch_ID=kr&rssid=naver&mn_name=news,https://search.pstatic.net/common/?src=https%3A%2F%2Fimgnews.pstatic.net%2Fimage%2Forigin%2F5015%2F2022%2F05%2F30%2F167311.jpg&type=ff264_180&expire=2&refresh=true,26
"플래티어, 한국미스미에 AI 마케팅 솔루션 ‘그루비’ 공급",https://www.itworld.co.kr/news/238259, ,10
"비트러쉬, 블라디보스톡에 AI 반도체장비 수주 추진·아이윈, 빗썸 관계사 등에서 170억 납입 완료",http://theviewers.co.kr/View.aspx?No=2403335,https://search.pstatic.net/common/?src=https%3A%2F%2Fimgnews.pstatic.net%2Fimage%2Forigin%2F5597%2F2022%2F05%2F30%2F81743.jpg&type=ofullfill264_180_gray&expire=2&refresh=true,5
의료 인공지능(AI) 업체들 ‘임상 효용성’ 입증 분주,https://www.dailymedi.com/news/news_view.php?wr_id=884532, ,15
"안산시, 200억 투입해 소부장 제조기업 디지털 전환 추진",http://www.enewstoday.co.kr/news/articleView.html?idxno=1573140, ,24
"미래에셋증권 ""테슬라 AI 기술력 유효…하반기 모멘텀 개선 보일 것""",http://www.thebigdata.co.kr/view.php?ud=202205300858031056d0a8833aad_23,https://search.pstatic.net/common/?src=https%3A%2F%2Fimgnews.pstatic.net%2Fimage%2Forigin%2F5645%2F2022%2F05%2F30%2F118227.jpg&type=ofullfill264_180_gray&expire=2&refresh=true,15
"인공지능 서버에서 오토모티브, 스마트 센서까지… AI 반도체 4개 제품군 ‘딥엑스 시리즈’ 동시에 선보여",https://www.donga.com/news/article/all/20220528/113668013/1,https://search.pstatic.net/common/?src=https%3A%2F%2Fimgnews.pstatic.net%2Fimage%2Forigin%2F020%2F2022%2F05%2F30%2F3431405.jpg&type=ff264_180&expire=2&refresh=true,26
"베스핀글로벌-엔터플, 데브옵스 플랫폼 공동 개발 및 관련 사업 추진 위해 MOU 체결",https://www.itworld.co.kr/news/238199, ,5
"[특별 인터뷰] 김주호 알고리즘랩스 산학협력자문교수 ""인공지능(AI) 시대, 대학가에도 혁신 바람 분다""",http://news.unn.net/news/articleView.html?idxno=528867,https://search.pstatic.net/common/?src=https%3A%2F%2Fimgnews.pstatic.net%2Fimage%2Forigin%2F5189%2F2022%2F05%2F30%2F126794.jpg&type=ofullfill264_180_gray&expire=2&refresh=true,15
"흥국화재, 디지털 경쟁력 높여 신성장동력 모색",http://www.insnews.co.kr/design_php/news_view.php?num=69847&firstsec=1&secondsec=13, ,12
칼럼 | 네트워크 전문가가 구글 '아퀼라 프로젝트'에 관심 가져야 할 이유,https://www.ciokorea.com/news/238309,https://search.pstatic.net/common/?src=https%3A%2F%2Fimgnews.pstatic.net%2Fimage%2Forigin%2F5177%2F2022%2F05%2F30%2F33533.jpg&type=ff264_180&expire=2&refresh=true,18
"DH.CNJ esports, NFT 종합 정보 제공 플랫폼 GREEMY와 파트너십 체결",https://www.thisisgame.com/webzine/game/nboard/225/?n=150365,https://search.pstatic.net/common/?src=https%3A%2F%2Fimgnews.pstatic.net%2Fimage%2Forigin%2F5053%2F2022%2F05%2F30%2F126091.jpg&type=ofullfill264_180_gray&expire=2&refresh=true,9
"물류업계, 택배가 인상·이커머스에 이익 성장 지속…디지털 전환 박차",http://news.einfomax.co.kr/news/articleView.html?idxno=4216145, ,24
"""스마트팜이 위험하다"" 도난 트랙터 원격 비활성화로 불거진 농업 보안 우려",https://www.itworld.co.kr/news/238314,https://search.pstatic.net/common/?src=https%3A%2F%2Fimgnews.pstatic.net%2Fimage%2Forigin%2F5110%2F2022%2F05%2F30%2F54886.jpg&type=ff264_180&expire=2&refresh=true,28
[행사돋보기] 서울시여성가족재단  IT 업계 경력전환 토크콘서트 ,http://www.wflower.info/news/article.html?no=7198, ,20
[스투/포커스] 스마트시티에서 보폭 넓히는 IoT 및 저전력원거리통신(LPWAN) 솔루션,http://www.smartcitytoday.co.kr/news/articleView.html?idxno=23397,https://search.pstatic.net/common/?src=https%3A%2F%2Fimgnews.pstatic.net%2Fimage%2Forigin%2F5864%2F2022%2F05%2F30%2F470.jpg&type=ofullfill264_180_gray&expire=2&refresh=true,16
"탈중앙화 검색 엔진 '프리서치', 테스트 종료...구글 라이벌로 자리매김할까?",https://www.codingworldnews.com/news/articleView.html?idxno=10243,https://search.pstatic.net/common/?src=https%3A%2F%2Fimgnews.pstatic.net%2Fimage%2Forigin%2F5867%2F2022%2F05%2F30%2F1021.jpg&type=ff264_180&expire=2&refresh=true,18
구글 크롬 개발자 채널에 영향 미치는 새로운 RCE 취약점 발견돼,https://www.dailysecu.com/news/articleView.html?idxno=137123,https://search.pstatic.net/common/?src=https%3A%2F%2Fimgnews.pstatic.net%2Fimage%2Forigin%2F5350%2F2022%2F05%2F30%2F113630.jpg&type=ofullfill264_180_gray&expire=2&refresh=true,18
"인포마이닝, 크레너채널즈와 디지털 헬스케어 사업 협력을 위한 업무협약 체결",http://www.betanews.net:8080/article/1337898.html,https://search.pstatic.net/common/?src=https%3A%2F%2Fimgnews.pstatic.net%2Fimage%2Forigin%2F5017%2F2022%2F05%2F30%2F324535.jpg&type=ofullfill264_180_gray&expire=2&refresh=true,5
"[디지털 금융세상, 보험의 경계(境界)를 허물자!]미래에셋, 디지털 무장… ‘뉴노멀 시대’ 선도",http://www.insnews.co.kr/design_php/news_view.php?num=69856&firstsec=1&secondsec=12, ,12
"포바이포·포자랩스 '맞손'…""AI 기반 영상음악 콘텐츠 개발""",http://www.sentv.co.kr/news/view/620971,https://search.pstatic.net/common/?src=https%3A%2F%2Fimgnews.pstatic.net%2Fimage%2Forigin%2F5656%2F2022%2F05%2F30%2F73803.jpg&type=ff264_180&expire=2&refresh=true,3
"기업은행, 고객센터 '상담지원 AI' 실시",http://www.kpinews.co.kr/news/articleView.html?idxno=177806,https://search.pstatic.net/common/?src=https%3A%2F%2Fimgnews.pstatic.net%2Fimage%2Forigin%2F5464%2F2022%2F05%2F30%2F108662.jpg&type=ofullfill264_180_gray&expire=2&refresh=true,11
"플래티어, 이틀 연속 상승세...AI 마케팅 솔루션 신규 적용",http://www.g-enews.com/ko-kr/news/article/news_all/202205300936471562edf69f862c_1/article.html,https://search.pstatic.net/common/?src=https%3A%2F%2Fimgnews.pstatic.net%2Fimage%2Forigin%2F5366%2F2022%2F05%2F30%2F508617.jpg&type=ofullfill264_180_gray&expire=2&refresh=true,10
"과기정통부, 올해 260억 규모 '디지털 트윈' 실증 사업 착수",https://www.onews.tv/news/articleView.html?idxno=126988,https://search.pstatic.net/common/?src=https%3A%2F%2Fimgnews.pstatic.net%2Fimage%2Forigin%2F5818%2F2022%2F05%2F30%2F90617.jpg&type=ofullfill264_180_gray&expire=2&refresh=true,17
"KT, 이문3구역 아파트에 AI 청정환기 시스템 구축",http://www.smartfn.co.kr/view.php?ud=20220530171545725911a912694e_46,https://search.pstatic.net/common/?src=https%3A%2F%2Fimgnews.pstatic.net%2Fimage%2Forigin%2F5827%2F2022%2F05%2F30%2F42212.jpg&type=ff264_180&expire=2&refresh=true,0
엑스포럼 '스마트시티 아시아 2022' 개최,http://www.wsobi.com/news/articleView.html?idxno=163502,https://search.pstatic.net/common/?src=https%3A%2F%2Fimgnews.pstatic.net%2Fimage%2Forigin%2F5493%2F2022%2F05%2F30%2F55516.jpg&type=ofullfill264_180_gray&expire=2&refresh=true,16
가톨릭대 2023 '바이오메디컬소프트웨어' 'IT파이낸스' 2개 학과 신설,http://www.veritas-a.com/news/articleView.html?idxno=416653,https://search.pstatic.net/common/?src=https%3A%2F%2Fimgnews.pstatic.net%2Fimage%2Forigin%2F5258%2F2022%2F05%2F30%2F226679.jpg&type=ofullfill264_180_gray&expire=2&refresh=true,1
"경북농기원, 마 재배 디지털 시스템 개발 착수",https://www.idaegu.co.kr/news/articleView.html?idxno=383817, ,14
"블록체인 간편결제 프로젝트 '월드페이 코인(WPC)', 글로벌 거래소 엘뱅크 31일 상장 예정",http://www.fintechpost.co.kr/news/articleView.html?idxno=157300,https://search.pstatic.net/common/?src=https%3A%2F%2Fimgnews.pstatic.net%2Fimage%2Forigin%2F5703%2F2022%2F05%2F30%2F105982.jpg&type=ofullfill264_180_gray&expire=2&refresh=true,18
